date,close,high,low,open,volume,weightedAverage
2015-08-08 08:00:00,1.40000001,1.85,0.50000021,1.65,274.00396842,1.5520836
2015-08-09 08:00:00,1.40000001,1.40000001,1.40000001,1.40000001,0.0,1.40000001
2015-08-10 08:00:00,1.40000001,1.40000001,1.40000001,1.40000001,0.0,1.40000001
2015-08-11 08:00:00,1.1,1.14,0.55000001,0.66000001,242.97597267,0.96604163
2015-08-12 08:00:00,1.38,1.39999999,0.9000006,1.05000001,476.80721125,1.17920951
2015-08-13 08:00:00,2.14,2.15,1.3,1.3,586.28685437,1.68551944
2015-08-14 08:00:00,2.15,2.15,2.14,2.14,53.47671417,2.14598767
2015-08-15 08:00:00,1.5,2.19999999,1.15000001,1.625,53.22324566,1.58272702
2015-08-16 08:00:00,1.12000001,1.77,1.11,1.769999,226.15014674,1.1329485
2015-08-17 08:00:00,1.52,1.7699999,1.34,1.7699999,37.0916939,1.41273736
2015-08-18 08:00:00,1.01,1.565,1.01,1.565,98.82704105,1.07244253
2015-08-19 08:00:00,1.3,1.4,1.085,1.085,87.58378257,1.32341369
2015-08-20 08:00:00,1.72999995,1.72999995,1.25000001,1.25000001,531.46756942,1.47390504
2015-08-21 08:00:00,1.5,1.72999367,1.44,1.4410014,442.62231134,1.45503244
2015-08-22 08:00:00,1.33000064,1.33000064,1.33000064,1.33000064,0.78393859,1.33000064
2015-08-23 08:00:00,1.49999999,1.49999999,1.33000259,1.34,91.27808721,1.40216461
2015-08-24 08:00:00,1.3,1.39999999,1.2399999,1.33002077,193.68282044,1.30031835
2015-08-25 08:00:00,1.05,1.39999998,1.05,1.05100001,28.90941094,1.05179894
2015-08-26 08:00:00,1.00000001,1.14,1.00000001,1.09999999,86.32559332,1.05681729
2015-08-27 08:00:00,1.27,1.27,1.27,1.27,0.00242509,1.27
2015-08-28 08:00:00,1.06000001,1.1,1.06000001,1.1,1.10203059,1.09579634
2015-08-29 08:00:00,1.06000001,1.06000001,1.06000001,1.06000001,0.0,1.06000001
2015-08-30 08:00:00,1.27,1.27,1.23,1.23,2253.77337651,1.24994377
2015-08-31 08:00:00,1.3,1.3,1.28,1.28,340.89395747,1.29198944
2015-09-01 08:00:00,1.2500005,1.39099999,1.18000001,1.18000001,229.54413849,1.34144331
2015-09-02 08:00:00,1.26000132,1.26000132,1.26000045,1.26000045,49.09494082,1.26000125
2015-09-03 08:00:00,1.37,1.37339966,1.2194,1.26000001,240.98560989,1.25590234
2015-09-04 08:00:00,1.21939998,1.21940001,1.21939998,1.21940001,18.761915,1.2194
2015-09-05 08:00:00,1.37336823,1.37336823,1.16100001,1.37336823,58.25197845,1.27408752
2015-09-06 08:00:00,1.21,1.21000001,1.16100001,1.16100001,47.54837816,1.19435013
2015-09-07 08:00:00,1.34999985,1.34999999,1.16200001,1.16200001,432.68436497,1.34963043
2015-09-08 08:00:00,1.34999985,1.34999985,1.34999985,1.34999985,0.0,1.34999985
2015-09-09 08:00:00,1.29999946,1.29999946,1.29999945,1.29999945,23.94201004,1.29999945
2015-09-10 08:00:00,1.16,1.299999,1.16,1.20000307,2763.80410146,1.17679784
2015-09-11 08:00:00,0.99989886,1.28199965,0.83000002,1.28199965,987.9305907,1.10368255
2015-09-12 08:00:00,1.27999999,1.28199911,0.87,0.98999999,252.13814659,1.03100709
2015-09-13 08:00:00,1.18998875,1.18998875,0.87,1.0000017,95.35441205,1.00015467
2015-09-14 08:00:00,0.87100002,0.87100002,0.87100002,0.87100002,0.44598807,0.87100002
2015-09-15 08:00:00,0.88850004,1.02899704,0.87100002,1.02899704,1.21148918,0.89801375
2015-09-16 08:00:00,0.9999988,1.01999874,0.88851638,1.01999874,8.55056382,0.99928049
2015-09-17 08:00:00,0.84,0.88851841,0.84,0.8885184,87.11271994,0.87237047
2015-09-18 08:00:00,0.85,0.87,0.85,0.87,38.7,0.86
2015-09-19 08:00:00,0.9599746,0.95998699,0.84050002,0.95998699,0.51859387,0.95569557
2015-09-20 08:00:00,0.95995281,0.95995281,0.95995281,0.95995281,0.35354961,0.95995281
2015-09-21 08:00:00,0.8915,0.97,0.8915,0.95995205,147.70917371,0.95779638
2015-09-22 08:00:00,0.87502047,0.935,0.87502047,0.8815,172.53365262,0.88156581
2015-09-23 08:00:00,0.9,0.935,0.8750303,0.935,12.56911938,0.89999843
2015-09-24 08:00:00,0.845,0.8875,0.83,0.8875,325.68713612,0.84248755
2015-09-25 08:00:00,0.79999999,0.81899999,0.70000007,0.81899999,154.96079076,0.80123971
2015-09-26 08:00:00,0.69000001,0.78,0.685,0.6999999,55.87851372,0.74223408
2015-09-27 08:00:00,0.78999998,0.78999998,0.69000001,0.78,8.10873483,0.77078673
2015-09-28 08:00:00,0.56000019,0.78899975,0.56,0.70000549,9462.89109392,0.56371324
2015-09-29 08:00:00,0.57000703,0.65298,0.57000703,0.64990564,181.6034591,0.65041654
2015-09-30 08:00:00,0.74,0.7699999,0.59999999,0.59999999,277.41514645,0.71480773
2015-10-01 08:00:00,0.67499999,0.73500007,0.67265612,0.73500003,77.24611707,0.73481242
2015-10-02 08:00:00,0.70999999,0.70999999,0.64294986,0.70999999,0.7031715,0.70980801
2015-10-03 08:00:00,0.67999999,0.70999999,0.64296283,0.64296283,4.27007918,0.6711009
2015-10-04 08:00:00,0.67999999,0.67999999,0.67999999,0.67999999,0.0,0.67999999
2015-10-05 08:00:00,0.64293867,0.64773056,0.64293811,0.64773056,27.93252386,0.643071
2015-10-06 08:00:00,0.64293867,0.64293867,0.64293867,0.64293867,0.0,0.64293867
2015-10-07 08:00:00,0.69997666,0.69997685,0.60006186,0.60006186,2.97170915,0.69660289
2015-10-08 08:00:00,0.57157609,0.62857769,0.56949973,0.6000743,68.37407912,0.59853327
2015-10-09 08:00:00,0.67,0.67347826,0.66999288,0.66999307,127.18711438,0.67002092
2015-10-10 08:00:00,0.67,0.67,0.67,0.67,0.0,0.67
2015-10-11 08:00:00,0.67,0.67,0.67,0.67,0.0,0.67
2015-10-12 08:00:00,0.60005122,0.645,0.60004832,0.64499888,0.79630589,0.64241008
2015-10-13 08:00:00,0.6000232,0.60002325,0.6000232,0.60002325,46.0302997,0.60002321
2015-10-14 08:00:00,0.5199988,0.6000232,0.49529995,0.6000232,502.67262308,0.54110059
2015-10-15 08:00:00,0.6,0.6232625,0.48006351,0.53994073,120.21633722,0.50110841
2015-10-16 08:00:00,0.521,0.53200604,0.521,0.53200603,75.49797566,0.5315663
2015-10-17 08:00:00,0.55860634,0.55860634,0.51299452,0.52100001,393.83028306,0.54600925
2015-10-18 08:00:00,0.51299045,0.55860557,0.51299044,0.51299868,29.41097983,0.52441967
2015-10-19 08:00:00,0.4711,0.51299157,0.4711,0.51299077,460.48614384,0.50233551
2015-10-20 08:00:00,0.4511,0.48,0.4511,0.47110001,94.36383076,0.46644256
2015-10-21 08:00:00,0.42969142,0.49999999,0.41952274,0.45109995,392.34175077,0.43982519
2015-10-22 08:00:00,0.6232625,0.6232625,0.40928165,0.42969142,262.95947556,0.52272368
2015-10-23 08:00:00,0.64499852,0.64499852,0.52387801,0.54999817,238.84853763,0.53939861
2015-10-24 08:00:00,0.46522046,0.46522046,0.46522046,0.46522046,0.46778657,0.46522046
2015-10-25 08:00:00,0.67347829,0.67347829,0.63898602,0.63898602,275.39300207,0.64079551
2015-10-26 08:00:00,0.72974571,0.74799996,0.67000854,0.67000854,164.05948026,0.70901381
2015-10-27 08:00:00,0.85,0.89,0.7297457,0.72974571,275.36519331,0.80516435
2015-10-28 08:00:00,0.87999832,0.99999832,0.85,0.85,925.77387795,0.88664215
2015-10-29 08:00:00,1.20000003,1.34999985,0.77000003,0.77000003,191.01454019,1.1959924
2015-10-30 08:00:00,1.0153909,1.32,0.9499794,1.31999999,48.97812296,1.10993793
2015-10-31 08:00:00,0.89128592,1.02989563,0.89128592,1.02272656,59.30521816,0.96777211
2015-11-01 08:00:00,1.04876031,1.07230649,0.90899798,0.93832038,175.19342241,0.94535864
2015-11-02 08:00:00,1.02209983,1.11830895,0.9434161,1.03039288,2594.59893412,1.01525713
2015-11-03 08:00:00,1.0004601,1.27899999,0.91312859,0.98990526,3098.43127185,0.98621781
2015-11-04 08:00:00,0.85488594,1.03577509,0.66889998,0.99230355,4146.09344005,0.90551775
2015-11-05 08:00:00,0.91999999,0.99239928,0.831,0.89126408,533.29851534,0.90373649
2015-11-06 08:00:00,0.93085533,1.02694997,0.84558987,0.91102961,1614.23764534,0.98311457
2015-11-07 08:00:00,0.939,0.95028926,0.84321668,0.9,345.05776339,0.88415463
2015-11-08 08:00:00,1.02359906,1.0357751,0.90447952,0.90774767,585.92208061,0.99051716
2015-11-09 08:00:00,1.01001007,1.10899187,0.94853504,1.025,6067.92945989,1.04910751
2015-11-10 08:00:00,0.91430821,1.07256287,0.91430821,1.01024926,1006.86311164,1.01618274
2015-11-11 08:00:00,0.74246027,0.95074836,0.72779667,0.95074836,7447.30492309,0.7970664
2015-11-12 08:00:00,0.90011,0.90011,0.77734197,0.77734197,1762.29102014,0.86528029
2015-11-13 08:00:00,0.89000001,0.90900001,0.84749663,0.90000001,1139.45100849,0.87114358
2015-11-14 08:00:00,0.88015238,0.91,0.88015238,0.89000001,374.64979721,0.8924663
2015-11-15 08:00:00,0.91,0.91669997,0.86887821,0.908,218.30808678,0.90509954
2015-11-16 08:00:00,0.93227325,0.93451937,0.88600001,0.91,276.50856,0.91506352
2015-11-17 08:00:00,1.01,1.04060662,0.91512399,0.93335009,2544.30781044,1.00050635
2015-11-18 08:00:00,1.00796264,1.02942782,0.95995112,1.00100985,1716.45319033,0.98203318
2015-11-19 08:00:00,0.97878366,1.00061922,0.93139072,0.98099955,335.50698406,0.98086661
2015-11-20 08:00:00,0.925071,0.975,0.92507099,0.975,28.40879054,0.94849888
2015-11-21 08:00:00,0.94636933,0.98700349,0.92788435,0.92999998,255.38706544,0.97692945
2015-11-22 08:00:00,0.97999809,0.97999987,0.95115334,0.97999987,226.5429499,0.9790737
2015-11-23 08:00:00,0.93381755,0.96639138,0.93249593,0.95949813,772.93918622,0.9482419
2015-11-24 08:00:00,0.91,0.96638895,0.91,0.96638895,573.82046926,0.91981649
2015-11-25 08:00:00,0.86507,0.903,0.85999982,0.90159999,1731.27702245,0.8707099
2015-11-26 08:00:00,0.89478608,0.92882412,0.80227189,0.90999999,1410.51257845,0.87158132
2015-11-27 08:00:00,0.87,0.93057748,0.86,0.86606223,161.10560611,0.92321553
2015-11-28 08:00:00,0.936104,0.936104,0.85584355,0.8657,882.63674497,0.90889375
2015-11-29 08:00:00,0.86400001,0.89815585,0.86400001,0.89815585,1724.75147183,0.88009272
2015-11-30 08:00:00,0.870001,0.91599999,0.864,0.8888957,331.30827136,0.87517541
2015-12-01 08:00:00,0.87003201,0.904,0.86010001,0.870001,2309.751731,0.87274601
2015-12-02 08:00:00,0.84000005,0.9337292,0.83073001,0.88132346,400.80983506,0.86510888
2015-12-03 08:00:00,0.84698171,0.84718151,0.8,0.84000005,392.60353911,0.80938689
2015-12-04 08:00:00,0.84149627,0.84944894,0.802222,0.84659752,412.65756235,0.82210792
2015-12-05 08:00:00,0.84764121,0.86940048,0.83000002,0.83000002,535.23574403,0.85065189
2015-12-06 08:00:00,0.84000001,0.8759322,0.84,0.84764284,685.05950002,0.85974697
2015-12-07 08:00:00,0.82999932,0.84000001,0.79379999,0.84000001,1080.77434443,0.80882079
2015-12-08 08:00:00,0.82059,0.82059,0.79379987,0.8046,772.02268483,0.80407736
2015-12-09 08:00:00,0.8,0.80999987,0.75000888,0.8,1167.98239341,0.78898445
2015-12-10 08:00:00,0.86000001,0.87097742,0.7851,0.7853,1948.43426896,0.83920399
2015-12-11 08:00:00,0.899,0.94000005,0.75000888,0.84100011,3551.05111721,0.85792437
2015-12-12 08:00:00,0.9362,1.02059518,0.9,0.9,3192.04471086,0.97682312
2015-12-13 08:00:00,0.93437811,0.97748999,0.93,0.93847825,12.23269819,0.94284741
2015-12-14 08:00:00,0.97569909,1.0167745,0.9750218,0.97748998,296.88816004,1.00072974
2015-12-15 08:00:00,0.99600025,1.03,0.97664007,0.99999998,2052.2853987,1.0205452
2015-12-16 08:00:00,0.97663961,0.99999908,0.97663961,0.99662375,1038.55349245,0.98386787
2015-12-17 08:00:00,0.93074209,0.97613545,0.89900002,0.97613545,427.99405612,0.9274319
2015-12-18 08:00:00,0.90200003,0.94710509,0.89900001,0.93074209,373.08540168,0.91820911
2015-12-19 08:00:00,0.89266,0.91999999,0.88,0.91000001,2096.02544326,0.90652068
2015-12-20 08:00:00,0.88896151,0.92,0.88,0.91999999,156.89351089,0.91704434
2015-12-21 08:00:00,0.8770858,0.91553784,0.86824,0.89422043,617.12343743,0.87916061
2015-12-22 08:00:00,0.89590415,0.91099864,0.005,0.87838076,3354.20343719,0.66311275
2015-12-23 08:00:00,0.87554994,0.88490187,0.81,0.87732596,139.40396495,0.83159833
2015-12-24 08:00:00,0.8500001,0.878,0.82750001,0.84261392,156.63934152,0.87275545
2015-12-25 08:00:00,0.9,0.9,0.83995959,0.85554258,299.20179585,0.85886811
2015-12-26 08:00:00,0.85000001,0.89999999,0.85000001,0.89470405,15.49959996,0.87117602
2015-12-27 08:00:00,0.851,0.855,0.85,0.855,65.14707467,0.85210928
2015-12-28 08:00:00,0.81267574,0.86267574,0.81267574,0.85880871,388.70676637,0.84849883
2015-12-29 08:00:00,0.85125148,0.86125804,0.81265794,0.86125804,119.0448579,0.84660049
2015-12-30 08:00:00,0.94,0.94,0.85559679,0.89,3368.1636509,0.90300839
2015-12-31 08:00:00,0.91991367,0.969998,0.91301285,0.935113,615.54980147,0.94597621
2016-01-01 08:00:00,0.95913556,0.95913556,0.9145,0.9145,41.4809676,0.91860031
2016-01-02 08:00:00,0.95699968,0.95699968,0.95699967,0.95699967,5.36300989,0.95699967
2016-01-03 08:00:00,0.96049884,0.97453798,0.956,0.95699462,465.89187347,0.96650747
2016-01-04 08:00:00,0.96222382,0.96222382,0.938,0.96049883,126.21402285,0.95290571
2016-01-05 08:00:00,0.93938235,0.95999,0.93938233,0.93939123,206.68028162,0.9396795
2016-01-06 08:00:00,0.938,0.93978582,0.938,0.93978582,67.44597819,0.93850616
2016-01-07 08:00:00,0.9665111,0.96702,0.93455024,0.9555,441.11195459,0.96240143
2016-01-08 08:00:00,1.01555,1.01555,0.94774669,0.95,339.58428729,0.98537752
2016-01-09 08:00:00,0.97343222,1.00899802,0.96923462,0.99923496,144.96223191,0.99599922
2016-01-10 08:00:00,0.97438344,1.0,0.97438273,0.97438286,305.19716281,0.9910874
2016-01-11 08:00:00,1.05,1.0725,0.9999999,0.9999999,2428.34966016,1.03046392
2016-01-12 08:00:00,1.14681317,1.2777,1.05999997,1.05999997,3039.51295677,1.18409397
2016-01-13 08:00:00,1.09,1.12,1.07313839,1.10645077,508.0874258,1.09015757
2016-01-14 08:00:00,1.152,1.152,1.10382843,1.10382843,60.97778752,1.14045298
2016-01-15 08:00:00,1.2093091,1.34888888,1.12564641,1.1345934,774.47403238,1.27382859
2016-01-16 08:00:00,1.22270646,1.28271719,1.075,1.16652194,1719.15418994,1.0997642
2016-01-17 08:00:00,1.32,1.32,1.19794488,1.19794488,885.95611262,1.25497057
2016-01-18 08:00:00,1.39959165,1.6,1.2657,1.32,10802.5711888,1.41240197
2016-01-19 08:00:00,1.4026205,1.44663371,1.30000006,1.37934041,779.78611928,1.36160873
2016-01-20 08:00:00,1.50000001,1.66409428,1.34443675,1.40693792,1470.27396056,1.54796307
2016-01-21 08:00:00,1.54709658,1.58,1.355,1.56070551,4606.3284797,1.39904453
2016-01-22 08:00:00,1.51092056,1.61000003,1.45000001,1.54709658,932.21270463,1.55211161
2016-01-23 08:00:00,2.03735991,2.12,1.45611157,1.45611158,7407.68809085,1.8168467
2016-01-24 08:00:00,2.13442743,2.32212174,1.75,1.93700014,5696.96710763,2.0711944
2016-01-25 08:00:00,2.4698,2.81999999,2.05034073,2.07269833,16336.2008425,2.37117478
2016-01-26 08:00:00,2.27042119,2.85,1.75000001,2.5419182,11552.2335189,2.35526937
2016-01-27 08:00:00,2.4242137,2.53751832,2.181,2.24709999,5109.58508907,2.41431122
2016-01-28 08:00:00,2.58,2.65,2.2010172,2.32044966,2792.58512305,2.41110671
2016-01-29 08:00:00,2.50888737,2.8,2.29747213,2.5,6058.43627259,2.56232056
2016-01-30 08:00:00,2.49495722,2.58569063,2.38,2.52376555,362.85354671,2.5121817
2016-01-31 08:00:00,2.37,2.57175269,2.18400001,2.50979573,935.04506007,2.299612
2016-02-01 08:00:00,2.11100001,2.38506407,2.11,2.3389654,4659.60644519,2.2214732
2016-02-02 08:00:00,2.19000001,2.485,2.111,2.24040928,1487.90674247,2.28114333
2016-02-03 08:00:00,2.40961536,2.485,2.111,2.33278562,12606.9617639,2.24734424
2016-02-04 08:00:00,2.47193523,2.5801174,2.39,2.42385407,12655.4383759,2.46628676
2016-02-05 08:00:00,2.5000001,2.5989999,2.424,2.57,7138.29634743,2.57347474
2016-02-06 08:00:00,2.43000001,2.5989998,2.42000001,2.5989998,119.85876164,2.47279604
2016-02-07 08:00:00,2.86859805,3.125,2.44867399,2.579995,4696.23924825,2.76264215
2016-02-08 08:00:00,3.105,3.38574521,2.89180392,2.98323549,3192.55379474,3.05999366
2016-02-09 08:00:00,4.1,4.1,3.05637194,3.12,10744.8656826,3.61462547
2016-02-10 08:00:00,4.33508537,4.88,3.2,4.1,43527.2125026,4.17108318
2016-02-11 08:00:00,6.50000001,6.99999998,4.23947201,4.33508537,15532.0471432,5.45147679
2016-02-12 08:00:00,5.65,6.99999998,3.85000389,6.00000001,90844.4527701,5.30981194
2016-02-13 08:00:00,5.5,5.67954231,4.1333495,5.65,27341.7965127,4.77585633
2016-02-14 08:00:00,5.19749799,5.5,4.42100783,5.49000665,11599.6113004,4.89173442
2016-02-15 08:00:00,5.29999997,5.8899,5.00000034,5.25900003,19534.922698,5.42661133
2016-02-16 08:00:00,4.24078818,5.48739773,3.99,5.09587612,20495.5581724,4.7414441
2016-02-17 08:00:00,3.62087435,4.74999999,3.4695,4.38999999,17959.9959851,4.06545351
2016-02-18 08:00:00,4.23,4.97333333,3.36,3.79799999,9372.37311141,4.1184729
2016-02-19 08:00:00,4.688,4.81668079,4.00000075,4.41999999,9900.43129051,4.5322469
2016-02-20 08:00:00,4.38,4.688,4.11000001,4.688,3063.83739436,4.28568655
2016-02-21 08:00:00,4.63500119,4.7924586,4.2300001,4.35,3878.57266468,4.48508067
2016-02-22 08:00:00,5.6999,5.7,4.55455447,4.63500002,16133.8804784,5.18113347
2016-02-23 08:00:00,5.5,6.0,5.3,5.7,30995.9947523,5.69560352
2016-02-24 08:00:00,6.0,6.0,5.42803848,5.5,33040.6122267,5.86902924
2016-02-25 08:00:00,6.16726235,6.299,5.37000002,6.0,111064.219789,6.09850388
2016-02-26 08:00:00,5.75610001,6.19909999,5.70000001,6.02934372,18278.320115,5.99444893
2016-02-27 08:00:00,6.34675809,6.45500003,5.8200002,5.8200002,39635.4355679,6.29169968
2016-02-28 08:00:00,6.41184913,6.6,6.219,6.36326833,19448.3319157,6.49143105
2016-02-29 08:00:00,6.32598484,6.58225783,6.09,6.37756118,13349.4761784,6.31628521
2016-03-01 08:00:00,7.6,7.94299999,5.1601,6.29435491,70136.6839377,7.10348711
2016-03-02 08:00:00,8.55699999,8.823496,7.3,7.65999997,18955.4243744,8.02432264
2016-03-03 08:00:00,9.27450137,9.99999998,7.6,8.46692633,60520.0393007,9.16907121
2016-03-04 08:00:00,10.37161789,10.37171795,8.46800001,9.27450155,43812.4057926,9.31538193
2016-03-05 08:00:00,10.59999962,12.3,9.77670885,10.21122934,120464.133289,11.26507921
2016-03-06 08:00:00,11.34793601,11.80451347,9.79999999,10.59999962,110349.976089,10.92482324
2016-03-07 08:00:00,9.46600328,11.60937109,9.14360001,11.34793601,60808.9688956,9.91771173
2016-03-08 08:00:00,9.768,10.09983,8.4842003,9.50000246,50442.0724603,9.11866876
2016-03-09 08:00:00,11.7,11.90924998,9.65,9.768,70586.0232369,11.0481069
2016-03-10 08:00:00,11.25021217,12.209,10.69630623,11.69999965,52974.52136,11.34795225
2016-03-11 08:00:00,11.19690244,11.77699999,10.3,11.25021219,42165.6909931,11.09382525
2016-03-12 08:00:00,13.41096872,13.75500005,11.15,11.2433977,121604.454969,12.99588575
2016-03-13 08:00:00,14.12107398,15.0,13.46134505,13.52899,131796.979995,14.39036252
2016-03-14 08:00:00,12.05000055,14.98,11.3921416,14.13,168112.102706,13.09211717
2016-03-15 08:00:00,13.0,13.29999985,11.9,12.42999997,19042.7997752,12.50147209
2016-03-16 08:00:00,12.55555555,13.6,12.5,12.77777778,13147.9113173,13.15679379
2016-03-17 08:00:00,10.85702999,12.7,10.5079,12.69999998,83338.9574426,11.38277625
2016-03-18 08:00:00,10.8,11.5,8.41290001,10.85713001,132757.113993,9.64296045
2016-03-19 08:00:00,10.4,11.03506921,9.63765,10.49765211,30614.0159762,10.32035206
2016-03-20 08:00:00,10.13695183,10.8222867,9.62,10.44,26716.7898494,10.10015054
2016-03-21 08:00:00,11.70525214,11.99999998,9.9901,10.13695183,49059.6870171,11.16985276
2016-03-22 08:00:00,11.16,12.00546792,10.9,11.70525253,26832.4891027,11.47971595
2016-03-23 08:00:00,12.42,12.499,11.16,11.16,20409.5852127,11.95910015
2016-03-24 08:00:00,11.19731664,12.424,10.6382,12.34170616,33844.882192,11.36214071
2016-03-25 08:00:00,10.64822769,11.36180756,10.27008553,11.19731665,7422.51404178,10.6846448
2016-03-26 08:00:00,10.91165847,11.19825339,10.57369014,10.60479454,10726.5719801,10.69032779
2016-03-27 08:00:00,10.4521553,11.02946194,10.0,10.86847771,17685.4395158,10.48287438
2016-03-28 08:00:00,11.56609043,11.88,10.3309365,10.33248582,36870.8992356,11.3661389
2016-03-29 08:00:00,11.63362968,11.83291406,11.03570932,11.62874935,45774.3575096,11.67883605
2016-03-30 08:00:00,11.98002118,12.17883174,11.47379149,11.71506492,23394.0056886,11.87318416
2016-03-31 08:00:00,11.38021,12.0,11.27191119,11.89812037,6915.99691553,11.81942701
2016-04-01 08:00:00,11.52010002,11.9499999,11.38021,11.38021,2184.55564918,11.66294668
2016-04-02 08:00:00,11.59909991,11.70307701,11.35431728,11.6738249,4217.40046662,11.5032422
2016-04-03 08:00:00,11.685,11.7055,11.52234033,11.59909992,12395.8292657,11.66903542
2016-04-04 08:00:00,11.16503059,11.685,11.01077781,11.64245541,19115.8512245,11.31709799
2016-04-05 08:00:00,10.4400102,11.25023476,10.13535448,11.17620705,22553.2331372,10.7253106
2016-04-06 08:00:00,10.69281731,11.02965407,10.27356442,10.35047568,12904.9809603,10.7381168
2016-04-07 08:00:00,10.14327283,10.79036792,9.85,10.68596468,20641.9019941,10.14046525
2016-04-08 08:00:00,9.89023444,10.3395308,9.6101,10.14327277,25808.2667444,9.81527972
2016-04-09 08:00:00,9.13,10.08209691,8.75,9.73000001,45152.5319541,9.30409299
2016-04-10 08:00:00,8.87000006,9.22055469,7.28025002,9.12926215,72418.0193491,8.32312577
2016-04-11 08:00:00,8.71245683,8.88864713,8.0,8.83947687,15756.4234237,8.46682588
2016-04-12 08:00:00,7.46556572,8.71023052,7.05010002,8.71023052,40416.6513436,7.71583501
2016-04-13 08:00:00,8.03653366,8.70000003,7.07695852,7.46556572,24494.7983206,7.93164586
2016-04-14 08:00:00,8.51888987,8.76788762,8.12615503,8.1543026,25730.5571351,8.41741973
2016-04-15 08:00:00,8.21,8.67023516,8.2001,8.54999997,15505.5030401,8.39049712
2016-04-16 08:00:00,8.71375738,8.84992801,8.18672127,8.24373354,12644.7613075,8.44870816
2016-04-17 08:00:00,9.30000001,9.78088042,8.61971297,8.71375729,34657.4527098,9.34259109
2016-04-18 08:00:00,9.07420676,9.45982817,8.51985759,9.30000001,30690.6532141,9.09918417
2016-04-19 08:00:00,8.76330233,9.31358639,8.73508915,9.07420676,41966.3481152,8.97925165
2016-04-20 08:00:00,8.50035915,8.93596916,8.37564026,8.76330233,14716.3498067,8.62670705
2016-04-21 08:00:00,8.15855149,9.35,8.05,8.50035902,42961.3209427,8.47388809
2016-04-22 08:00:00,7.91051582,8.4041452,7.80001,8.2631175,21142.3537833,8.03441583
2016-04-23 08:00:00,8.37150327,8.686,7.80001,7.88376196,16089.1174688,8.09899462
2016-04-24 08:00:00,8.03699993,8.49782696,7.96029421,8.3574745,16218.6662723,8.23312082
2016-04-25 08:00:00,7.60312092,8.149,7.33727369,8.05231543,51039.3950907,7.80356587
2016-04-26 08:00:00,7.4,7.62332,7.11809996,7.61451225,24851.2052014,7.43280187
2016-04-27 08:00:00,7.71911072,7.98754822,7.32017378,7.4,26331.0651649,7.69458285
2016-04-28 08:00:00,7.20000001,7.82797855,7.20000001,7.71911072,37107.7154519,7.3615706
2016-04-29 08:00:00,7.49999999,7.74430085,7.2,7.20000001,8081.55552893,7.52752149
2016-04-30 08:00:00,8.755,9.44464782,7.44026575,7.44026575,67940.4329874,8.60223742
2016-05-01 08:00:00,8.79909999,9.00000001,8.37336868,8.755,21309.6931574,8.70639288
2016-05-02 08:00:00,10.10827755,10.26804163,8.7651001,8.8,71626.9295979,9.79212831
2016-05-03 08:00:00,9.32999999,10.10827755,9.25,10.10827755,20099.8905413,9.59249218
2016-05-04 08:00:00,9.36227184,9.99899999,9.25910906,9.32999999,17418.5224767,9.63391896
2016-05-05 08:00:00,9.77339544,10.04562721,9.3500002,9.36227184,16358.7243782,9.75230686
2016-05-06 08:00:00,9.36452515,9.95,9.03,9.77339544,25049.3565951,9.47660663
2016-05-07 08:00:00,9.35000001,9.5,9.10008,9.36594047,16187.4974878,9.35196527
2016-05-08 08:00:00,9.54989126,9.59940097,8.97820689,9.39016337,20074.7042106,9.22214016
2016-05-09 08:00:00,9.26000002,9.69094982,9.205,9.54989126,9530.77279246,9.45601108
2016-05-10 08:00:00,9.37907185,9.5999,9.26,9.29639668,16615.0141637,9.45818175
2016-05-11 08:00:00,9.87151781,10.0,9.34592525,9.37907185,21241.07024,9.76165086
2016-05-12 08:00:00,10.00000001,10.55,9.81,9.87151781,22727.9136403,10.16560514
2016-05-13 08:00:00,10.41982013,11.0,10.00000001,10.00000001,22730.8208995,10.63295331
2016-05-14 08:00:00,10.19,10.54694245,9.78245653,10.4982014,30566.0027505,10.17007192
2016-05-15 08:00:00,9.9501663,10.4,9.87056892,10.19,26839.0569668,10.21043742
2016-05-16 08:00:00,11.13480507,11.49688015,9.9501663,9.9501663,41432.7324125,10.87483144
2016-05-17 08:00:00,12.05,12.54999999,11.0,11.2078157,44644.5524078,12.03156823
2016-05-18 08:00:00,13.36366178,14.03370013,12.18977958,12.18977958,81500.8569716,13.09430104
2016-05-19 08:00:00,14.64999999,14.64999999,13.1421048,13.36366178,76904.2941002,13.91862638
2016-05-20 08:00:00,13.45,14.79650001,13.0,14.64999999,88878.1204024,14.00565787
2016-05-21 08:00:00,13.75388607,13.75388607,12.62229697,13.33325389,42629.3275537,13.02903746
2016-05-22 08:00:00,14.07777227,14.25010011,13.0,13.76004997,42938.5328879,13.70995104
2016-05-23 08:00:00,13.31844692,14.25,13.19578696,14.07777227,45790.0271289,13.8265392
2016-05-24 08:00:00,12.82408403,13.8,11.88250001,13.19579134,41124.814425,12.67537142
2016-05-25 08:00:00,12.599999,12.85846015,11.65,12.68860418,34558.3705456,12.38992517
2016-05-26 08:00:00,12.50539705,12.85,12.0,12.6,12033.2909529,12.41565871
2016-05-27 08:00:00,11.20947388,12.43578959,10.35,12.32000001,69121.9259732,11.25652536
2016-05-28 08:00:00,11.10371064,12.25,10.143,11.18673933,115801.349566,11.25260632
2016-05-29 08:00:00,12.42748725,12.5,10.63,11.1035106,88393.5164709,12.03477929
2016-05-30 08:00:00,12.63862636,12.79,12.05,12.4,67297.8046516,12.39147273
2016-05-31 08:00:00,13.93438412,14.2999,12.61,12.7844858,101803.924555,13.57972395
2016-06-01 08:00:00,13.77400247,14.1,13.34314752,13.94019814,103641.661437,13.75100226
2016-06-02 08:00:00,13.82852166,14.0,13.53827999,13.94404923,42745.9287763,13.79572185
2016-06-03 08:00:00,13.81667095,13.91000001,13.35633413,13.71,61632.0898941,13.57334826
2016-06-04 08:00:00,13.81153582,14.0,13.5,13.81667095,69981.3304712,13.77144543
2016-06-05 08:00:00,14.0,14.0145828,13.61651219,13.81153582,31501.9850796,13.89437711
2016-06-06 08:00:00,13.93891802,14.01249989,13.6880981,14.0,15820.4648224,13.81952489
2016-06-07 08:00:00,14.49,14.49999999,13.771,13.93891802,49525.0971408,14.19758139
2016-06-08 08:00:00,14.41,14.75,14.25111112,14.49,71158.5693146,14.57418782
2016-06-09 08:00:00,14.381,14.60030499,14.14483143,14.41,41806.6389889,14.38617636
2016-06-10 08:00:00,13.87320299,14.48,13.6,14.3810001,60734.3420223,14.10173746
2016-06-11 08:00:00,14.04148697,14.09740213,13.76,13.87320538,23018.5556928,13.93944024
2016-06-12 08:00:00,15.59799999,15.6,13.95,14.04148697,298616.786287,14.72143983
2016-06-13 08:00:00,17.3,17.3,15.36860721,15.41082552,405726.301226,16.63492604
2016-06-14 08:00:00,18.509,18.94999999,15.11,17.2481,615978.627263,17.27244397
2016-06-15 08:00:00,18.28999997,18.557146,17.2315317,18.509,234251.159218,18.08167644
2016-06-16 08:00:00,20.51000002,21.1,17.9,18.28999997,864024.508428,19.73317602
2016-06-17 08:00:00,15.33,21.4,13.0,20.50000101,2325896.70242,16.86669287
2016-06-18 08:00:00,11.23341301,15.33,7.1142433,15.33,1493287.13276,11.65311871
2016-06-19 08:00:00,12.24,13.55,10.56260204,11.33269047,519687.109768,12.29020199
2016-06-20 08:00:00,11.58903413,12.61610445,10.50111111,12.24000001,319425.249076,11.41410678
2016-06-21 08:00:00,13.19799999,13.32,10.64279347,11.58903413,621441.224928,12.0697432
2016-06-22 08:00:00,13.3077415,15.94999999,13.0,13.14017848,1189383.19802,14.37397984
2016-06-23 08:00:00,14.06478484,14.27,12.6001,13.30524125,473759.955416,13.32443916
2016-06-24 08:00:00,14.25,14.56,13.40348961,13.90988654,307792.164999,14.03509076
2016-06-25 08:00:00,14.37999998,14.84,14.00000029,14.25,142028.758097,14.40064562
2016-06-26 08:00:00,13.92412975,14.43989998,13.56090837,14.17854097,83205.4680262,13.93248296
2016-06-27 08:00:00,13.94,14.12484385,13.773698,13.9149993,128937.200325,13.94263945
2016-06-28 08:00:00,12.18430373,13.98006,11.6,13.95400007,467357.566722,12.34735872
2016-06-29 08:00:00,12.52200003,13.03,11.6,12.18430373,184400.667053,12.21747997
2016-06-30 08:00:00,12.44227153,12.7,12.2,12.52200003,62067.8415927,12.42946587
2016-07-01 08:00:00,12.14673165,12.507832,11.778,12.50781506,142970.199081,12.0880914
2016-07-02 08:00:00,12.18299999,12.24876329,11.9,12.14673166,119032.593302,12.01612901
2016-07-03 08:00:00,11.87,12.14999999,11.6,12.08049377,165331.384154,11.84441398
2016-07-04 08:00:00,11.446,11.87,9.97,11.73668433,526049.453203,10.68329403
2016-07-05 08:00:00,10.57000002,11.495,9.15,11.47107559,642747.376441,10.31757677
2016-07-06 08:00:00,10.43870926,11.08321361,9.9,10.66709068,173814.686539,10.59375
2016-07-07 08:00:00,10.13888887,10.55699909,9.4,10.4888,133163.591384,9.90661286
2016-07-08 08:00:00,11.33284697,11.60157037,9.90328943,10.13888886,343149.374948,10.79287799
2016-07-09 08:00:00,10.98999937,11.41,10.67198808,11.33284696,73988.6685814,10.92995885
2016-07-10 08:00:00,10.96,10.999,10.767,10.98999897,10176.8291106,10.91460487
2016-07-11 08:00:00,10.46000423,11.00924896,10.24,10.9,70771.1145654,10.58019872
2016-07-12 08:00:00,10.62708827,10.898999,10.40002298,10.460002,74948.7097184,10.59543054
2016-07-13 08:00:00,10.47000025,10.64999999,10.438,10.48980059,39190.3946386,10.5535295
2016-07-14 08:00:00,11.50000063,11.71026907,10.55399993,10.55399993,221092.97841,11.21036784
2016-07-15 08:00:00,11.9484,12.41,11.46500066,11.50111111,159273.545354,12.06384353
2016-07-16 08:00:00,11.65000017,12.05715234,11.65,11.9484,40342.8396068,11.83104628
2016-07-17 08:00:00,11.32901001,11.69,11.0,11.65000081,80926.8014753,11.33215211
2016-07-18 08:00:00,11.04,11.779989,11.0,11.32900883,391796.235566,11.56209619
2016-07-19 08:00:00,11.67,12.2331083,11.04,11.13061495,207765.928995,11.7138178
2016-07-20 08:00:00,12.5,13.05999999,11.63,11.67003,352688.513726,12.36040849
2016-07-21 08:00:00,12.61000002,12.71870431,12.06,12.45000003,112158.313898,12.43585668
2016-07-22 08:00:00,14.59999999,14.93000002,12.50000333,12.61000003,589388.535642,14.04035717
2016-07-23 08:00:00,14.23400222,14.89,14.0,14.6,280888.237257,14.36655163
2016-07-24 08:00:00,12.67485378,14.45,12.245,14.25000001,554009.75877,13.48550112
2016-07-25 08:00:00,13.8,13.8,12.75,12.83043011,131054.275904,13.34622458
2016-07-26 08:00:00,12.05106553,13.831,11.8,13.8,753822.1036,12.40583306
2016-07-27 08:00:00,13.0,13.48,11.2999994,12.11999997,342543.934389,12.48948811
2016-07-28 08:00:00,12.70000035,13.1335179,12.65474751,13.1335179,13424.8856018,12.80895076
2016-07-29 08:00:00,12.7964129,12.94999999,12.56000001,12.825,47181.0598808,12.70968425
2016-07-30 08:00:00,12.45,12.92155448,12.45,12.74973684,17970.5241627,12.66878411
2016-07-31 08:00:00,11.79,12.56015544,11.47712549,12.45,147280.516369,11.84939815
2016-08-01 08:00:00,10.93624711,12.04015735,10.93624711,11.865123,145221.412021,11.37249849
2016-08-02 08:00:00,8.59929924,11.24137451,7.25000001,10.92888885,1172890.86416,9.30857681
2016-08-03 08:00:00,10.18319164,10.65,8.5,8.51000019,675976.043605,9.51046039
2016-08-04 08:00:00,11.1,11.51,10.02,10.35499999,486718.424966,10.98671354
2016-08-05 08:00:00,10.875,11.21252215,10.60000001,11.1,120206.434033,10.91521078
2016-08-06 08:00:00,10.81,10.97115367,10.21,10.87000234,97496.4156952,10.62093182
2016-08-07 08:00:00,11.09593219,11.425,10.7,10.81000001,115569.243752,11.0833452
2016-08-08 08:00:00,11.37590728,11.4000001,11.0,11.11999992,88385.8452839,11.1685945
2016-08-09 08:00:00,12.45500564,12.83,11.22000001,11.28000002,465640.406397,12.13510331
2016-08-10 08:00:00,12.27143972,12.83243766,12.05311595,12.49372547,482450.167148,12.37358946
2016-08-11 08:00:00,11.65042827,12.45,11.6,12.27143972,316552.46988,11.90222079
2016-08-12 08:00:00,11.73724552,12.18999996,11.60361001,11.65043262,164149.865439,11.94795236
2016-08-13 08:00:00,11.51000651,11.85,11.46198596,11.73724574,92780.5618519,11.64659287
2016-08-14 08:00:00,11.127,11.7,10.75,11.58956579,254329.730393,11.18972939
2016-08-15 08:00:00,11.16999947,11.42,10.92000151,11.127,149165.562313,11.18878568
2016-08-16 08:00:00,11.18998942,11.2,10.94919402,11.16999947,52042.4857633,11.11164529
2016-08-17 08:00:00,10.81137994,11.15525888,10.33,11.10533947,239891.020568,10.75954279
2016-08-18 08:00:00,10.69000266,10.99386885,10.66000183,10.78541524,91054.2157953,10.83874647
2016-08-19 08:00:00,10.76998856,10.81483801,10.46708989,10.75373862,71460.8400128,10.62449582
2016-08-20 08:00:00,11.2680535,11.34770835,10.66745502,10.76999999,134071.212051,11.08146265
2016-08-21 08:00:00,11.18,11.256,11.0,11.229001,27594.1777426,11.12381631
2016-08-22 08:00:00,11.139999,11.397,11.04737057,11.18,98527.918486,11.20262728
2016-08-23 08:00:00,11.07569466,11.272,10.90000002,11.139999,97661.9824486,11.04926267
2016-08-24 08:00:00,11.05707199,11.19671259,10.97000352,10.97000352,21617.1811507,11.08931466
2016-08-25 08:00:00,11.34999999,11.3524596,11.0,11.022901,62104.6162976,11.21276826
2016-08-26 08:00:00,11.29083474,11.45,11.03250018,11.30358951,55127.0678199,11.2739901
2016-08-27 08:00:00,11.06000054,11.28099949,11.06000005,11.20126824,27502.4359352,11.19739602
2016-08-28 08:00:00,10.90179086,11.18456494,10.7,11.149999,120826.616428,10.96789069
2016-08-29 08:00:00,10.98468866,11.1499,10.70309711,10.9282254,121377.448627,10.98083562
2016-08-30 08:00:00,11.29999999,11.359,10.9400035,10.99905001,88000.7805313,11.17951499
2016-08-31 08:00:00,11.66999999,11.67,11.17592996,11.3,138156.213411,11.43062301
2016-09-01 08:00:00,11.98400378,12.65999992,11.50000001,11.66999999,153567.834348,12.14428964
2016-09-02 08:00:00,12.13230783,12.37236,11.0,11.99909748,258282.351477,11.81222354
2016-09-03 08:00:00,11.97053362,12.46999997,11.47770002,12.16123332,213287.857855,11.84937735
2016-09-04 08:00:00,11.70002206,11.97053367,11.6,11.97053355,110923.375756,11.78144539
2016-09-05 08:00:00,11.85999856,11.88,11.61047649,11.73217339,99044.8457959,11.78299208
2016-09-06 08:00:00,11.72212333,11.87829521,11.51561117,11.84999797,61407.8591342,11.66659833
2016-09-07 08:00:00,11.62906754,11.81,11.57000048,11.75000163,75001.8505539,11.72152267
2016-09-08 08:00:00,11.42379126,11.910479,11.35,11.61,158799.852676,11.5279524
2016-09-09 08:00:00,11.77413416,11.9,11.47207276,11.54999999,75914.9136952,11.74822456
2016-09-10 08:00:00,12.24,12.28857379,11.60000111,11.6821351,82613.7495105,11.91529299
2016-09-11 08:00:00,11.64300251,12.26999998,11.62,12.24,99926.5743223,11.8621995
2016-09-12 08:00:00,11.99198516,12.0,11.64300267,11.65830687,113270.246598,11.81077018
2016-09-13 08:00:00,11.98000001,12.89887766,11.81500114,11.90510651,397188.659547,12.24559914
2016-09-14 08:00:00,12.04999332,12.13032516,11.87600151,11.98113337,71949.0207961,12.00640703
2016-09-15 08:00:00,12.06244038,12.8,11.9,12.00319278,166118.368738,12.13806925
2016-09-16 08:00:00,12.62000002,12.82039998,11.96001182,12.06244038,184509.877648,12.5659155
2016-09-17 08:00:00,12.74000002,12.89,12.48599399,12.67002179,48438.106191,12.70082325
2016-09-18 08:00:00,12.5184325,13.08904812,12.17496145,12.74000002,249945.688198,12.49495255
2016-09-19 08:00:00,13.2,13.2,12.41828801,12.4967452,122903.220516,12.91562381
2016-09-20 08:00:00,14.24075415,14.47999866,13.07711994,13.2,439148.494108,13.78344746
2016-09-21 08:00:00,13.72279539,14.35072582,13.19,14.24075363,197471.206926,13.73980261
2016-09-22 08:00:00,13.3,13.72281499,12.4038971,13.72281499,171048.442202,12.91350414
2016-09-23 08:00:00,13.3508775,13.5,13.1,13.3,201191.581892,13.46159674
2016-09-24 08:00:00,12.95662313,13.38337234,12.72865851,13.3627422,51245.8688871,13.02775318
2016-09-25 08:00:00,13.11470493,13.142,12.81,12.85365676,14317.3674164,12.95436696
2016-09-26 08:00:00,12.87813795,13.16232338,12.75720854,13.13,49797.4764939,12.94124509
2016-09-27 08:00:00,13.09455372,13.20927796,12.85000009,12.91243,46738.7652094,13.0475002
2016-09-28 08:00:00,13.3,13.48005,13.04280703,13.06891535,72545.9179538,13.35052084
2016-09-29 08:00:00,13.05000075,13.30156126,13.05,13.29999999,26315.5832226,13.14519256
2016-09-30 08:00:00,13.21931569,13.35999999,13.05,13.06,28504.3176932,13.22876127
2016-10-01 08:00:00,13.15965873,13.31999999,13.07,13.21931569,47383.7048008,13.18755276
2016-10-02 08:00:00,13.16,13.28999999,13.10240986,13.14235004,25765.8427784,13.18794487
2016-10-03 08:00:00,13.48,13.48303898,13.16000001,13.16000001,46492.0385041,13.33043932
2016-10-04 08:00:00,13.22956031,13.52190035,13.20001653,13.38208515,56185.2428746,13.39519261
2016-10-05 08:00:00,13.023,13.41504394,13.023,13.22956806,109074.983907,13.23344401
2016-10-06 08:00:00,12.85,13.16775838,12.66212534,13.023,71570.5132148,12.86762384
2016-10-07 08:00:00,12.74575671,13.04294083,12.59000001,12.85,48409.6999427,12.72647227
2016-10-08 08:00:00,12.17505406,12.74499992,12.00000001,12.74499992,137917.769452,12.2519765
2016-10-09 08:00:00,12.11359366,12.40187009,11.9600349,12.16986276,51800.8828096,12.18078378
2016-10-10 08:00:00,11.80361287,12.11344938,11.62356902,12.11344938,62760.3064374,11.82722274
2016-10-11 08:00:00,11.80857567,12.25257308,11.70000001,11.706,79801.9838527,11.97379234
2016-10-12 08:00:00,11.95256487,12.07239303,11.66600687,11.73000005,94849.6119569,11.84025032
2016-10-13 08:00:00,12.00411029,12.15,11.82023599,11.91638687,47842.1025984,11.97274152
2016-10-14 08:00:00,11.89929227,12.08944408,11.86400175,12.03386532,19229.0829728,11.97801116
2016-10-15 08:00:00,12.00714998,12.04439986,11.81500001,11.9,33046.6158405,11.94066628
2016-10-16 08:00:00,12.02000021,12.0949563,11.89057223,12.04434919,19112.8266278,12.01494712
2016-10-17 08:00:00,11.98158351,12.06,11.84419431,12.0,21393.7474878,11.98012307
2016-10-18 08:00:00,12.57617505,12.95058577,11.97103391,12.01259007,88969.4026829,12.51420245
2016-10-19 08:00:00,12.034,12.62,11.9,12.57,105888.930678,12.26760695
2016-10-20 08:00:00,12.06846379,12.34041569,12.00221322,12.038,21606.0836125,12.17303508
2016-10-21 08:00:00,12.16093859,12.2396045,12.05812032,12.15812032,4223.84919756,12.13579214
2016-10-22 08:00:00,12.30999826,12.3345,12.08000015,12.14121164,46638.0819628,12.21444633
2016-10-23 08:00:00,12.03361741,12.2845,12.01245041,12.21753835,37118.124913,12.10516601
2016-10-24 08:00:00,11.978,12.12894844,11.96754692,12.03361741,18567.382592,12.03633909
2016-10-25 08:00:00,11.35000189,12.02017621,11.13000001,11.978,106576.197767,11.55519966
2016-10-26 08:00:00,11.55377347,11.70999998,11.40000242,11.48199972,38238.287257,11.53955665
2016-10-27 08:00:00,11.43200045,11.61699928,11.25000002,11.55376778,119727.913937,11.44419152
2016-10-28 08:00:00,11.13840058,11.65518502,10.95,11.43202234,101501.48749,11.2033313
2016-10-29 08:00:00,10.4683918,11.24999999,9.40000001,11.1384006,284452.708529,10.35351486
2016-10-30 08:00:00,11.24567656,11.49999999,10.31000016,10.43000001,71031.341971,10.76908305
2016-10-31 08:00:00,11.02199623,11.52740684,10.92050122,11.20941025,114261.300978,11.17589896
2016-11-01 08:00:00,10.83749837,11.21984337,10.4,10.94999855,219297.045304,10.71794173
2016-11-02 08:00:00,10.81380234,11.24499999,10.70800025,10.83749836,70470.3016186,10.97475966
2016-11-03 08:00:00,10.85712275,11.16545306,10.81491838,10.90248991,119174.841071,11.01899821
2016-11-04 08:00:00,11.13107771,11.21,10.82000001,10.82000042,66542.0333661,10.9984347
2016-11-05 08:00:00,11.10000002,11.25,10.97802917,11.21,32284.2960983,11.10488856
2016-11-06 08:00:00,10.93,11.21699964,10.92000001,11.10000044,30778.5013107,11.04652991
2016-11-07 08:00:00,10.871,11.01521025,10.84022131,10.98899654,32725.2866972,10.92871549
2016-11-08 08:00:00,10.9,10.98999813,10.75097316,10.9,39764.8337056,10.88050471
2016-11-09 08:00:00,10.65010001,10.91099999,10.26,10.9,216288.749263,10.59148751
2016-11-10 08:00:00,10.51900003,10.7299908,10.51000001,10.7299908,20271.2782166,10.5808394
2016-11-11 08:00:00,10.28,10.60406538,10.25,10.59370993,38095.6823193,10.41527181
2016-11-12 08:00:00,9.90152438,10.38780568,9.60000001,10.28,136584.417554,9.90959526
2016-11-13 08:00:00,10.099904,10.39888888,9.79700416,9.9072342,54333.2483987,10.10432134
2016-11-14 08:00:00,10.01999934,10.23,9.93056621,10.099904,28112.7651069,10.05835258
2016-11-15 08:00:00,10.2,10.335,9.85,9.95034495,105264.609418,10.0823173
2016-11-16 08:00:00,10.01438386,10.382,9.85900935,10.2,119721.957633,10.2133808
2016-11-17 08:00:00,9.93630346,10.24,9.91,10.04833423,67318.7689262,10.05810619
2016-11-18 08:00:00,9.55078749,10.02651249,9.45418388,10.01999445,109699.512894,9.63756016
2016-11-19 08:00:00,9.65212647,9.78929912,9.46120091,9.52648009,52008.1493243,9.70057028
2016-11-20 08:00:00,9.5497164,9.73842234,9.52,9.72800181,35309.7910799,9.61856967
2016-11-21 08:00:00,9.65151623,9.66099999,9.5245,9.5497164,10624.695882,9.55883375
2016-11-22 08:00:00,9.85002263,10.25,9.55000001,9.55003477,110138.920632,9.94858736
2016-11-23 08:00:00,9.75665433,9.926,9.67060524,9.80328889,39578.327332,9.77497233
2016-11-24 08:00:00,9.15321506,9.76000973,8.6189275,9.75665433,157594.003948,9.20181702
2016-11-25 08:00:00,9.37,9.751,9.12865037,9.210265,61436.9481464,9.3928562
2016-11-26 08:00:00,9.2210774,9.50999934,9.21000001,9.40376757,28894.3551922,9.29202865
2016-11-27 08:00:00,8.9509943,9.29206215,8.7,9.28999999,81176.2551498,8.96349342
2016-11-28 08:00:00,8.67354958,8.99,8.63357122,8.90300473,44639.8795478,8.71807866
2016-11-29 08:00:00,8.11,8.72992829,7.76836982,8.72992829,118097.621261,8.09789563
2016-11-30 08:00:00,8.50329657,8.71515635,8.07,8.09,71061.5792049,8.43445408
2016-12-01 08:00:00,8.41000001,8.63372801,8.30927967,8.50674674,30531.5471904,8.43991808
2016-12-02 08:00:00,7.708713,8.46993795,7.32619443,8.4333667,298584.896023,7.74642901
2016-12-03 08:00:00,7.88443382,8.1,7.64110008,7.70871702,82632.3371723,7.93212618
2016-12-04 08:00:00,7.42716167,7.91235164,7.37,7.86,62313.9313437,7.55260011
2016-12-05 08:00:00,6.79999984,7.58010883,6.56600003,7.37000044,119568.166706,7.08535583
2016-12-06 08:00:00,7.86544406,7.87380932,5.85403121,6.778,547558.032944,6.88905435
2016-12-07 08:00:00,8.33110185,8.58999957,7.23999999,7.80307663,156821.008663,7.8235812
2016-12-08 08:00:00,8.23434503,8.84999997,8.18436226,8.37999836,127344.359881,8.43704517
2016-12-09 08:00:00,8.38000002,8.65,8.00000001,8.2,74828.1601461,8.35331391
2016-12-10 08:00:00,8.06999403,8.5,7.99999999,8.38000002,36018.3116625,8.25039918
2016-12-11 08:00:00,8.1756,8.27003404,8.00000294,8.06999955,19310.1348798,8.15632175
2016-12-12 08:00:00,8.46115491,8.59,8.06083487,8.17559999,122314.922375,8.40358183
2016-12-13 08:00:00,8.42099823,8.5259792,8.29371911,8.48000191,23387.541748,8.38706507
2016-12-14 08:00:00,8.20000362,8.4976729,8.2,8.37399824,18744.2311654,8.34601142
2016-12-15 08:00:00,7.76319895,8.27610425,7.70000005,8.20000362,73369.4670357,7.95945851
2016-12-16 08:00:00,7.82,7.955,7.7461711,7.85235097,11977.2108452,7.82637786
2016-12-17 08:00:00,7.89,7.98969602,7.50000001,7.86227326,61892.6430108,7.74178598
2016-12-18 08:00:00,7.84692692,7.95726703,7.7,7.89,48060.5236427,7.8688582
2016-12-19 08:00:00,7.59,7.88085563,7.59,7.84692667,19899.7330479,7.74030433
2016-12-20 08:00:00,7.69399773,7.7545,7.56390502,7.6578582,30266.3593002,7.63776457
2016-12-21 08:00:00,7.85674853,7.99,7.57284864,7.64000001,49641.487626,7.82581791
2016-12-22 08:00:00,7.55,7.84552693,7.416639,7.82600003,69908.155549,7.59022584
2016-12-23 08:00:00,7.16088865,7.75,7.01,7.55,114795.452513,7.35338038
2016-12-24 08:00:00,7.23712236,7.40849354,7.07546577,7.13079819,36046.2657507,7.27417362
2016-12-25 08:00:00,7.168,7.31652182,7.0,7.23712238,92777.5854948,7.18602828
2016-12-26 08:00:00,7.26,7.38338539,7.02561827,7.16800001,55812.5601348,7.22921761
2016-12-27 08:00:00,7.18229247,7.34,7.07382845,7.26,105964.586193,7.19895145
2016-12-28 08:00:00,7.6,7.79625083,7.0338038,7.181,196022.677085,7.37832818
2016-12-29 08:00:00,8.31666024,8.569001,7.53000044,7.57264867,326319.523274,8.19309461
2016-12-30 08:00:00,8.15442867,8.47999945,8.00999999,8.24234571,138239.394758,8.2087065
2016-12-31 08:00:00,8.00850557,8.20855931,7.8886246,8.15275262,49638.2216476,8.0214307
2017-01-01 08:00:00,8.16163817,8.56316899,8.04482173,8.04482173,134228.814051,8.34321458
2017-01-02 08:00:00,8.38908573,8.46475429,8.10000009,8.20126074,149938.034793,8.28190151
2017-01-03 08:00:00,9.653,9.95,8.30354629,8.34520493,545217.495167,9.31959464
2017-01-04 08:00:00,11.1,11.1,9.40000033,9.65300001,663641.438335,10.58252536
2017-01-05 08:00:00,10.09000007,11.59899999,9.25,11.00000004,1202506.00086,10.30294506
2017-01-06 08:00:00,10.08000001,10.4,9.43324671,10.19799974,434829.18529,9.98903891
2017-01-07 08:00:00,9.90599994,10.14,9.55,10.05503535,391643.849527,9.7733777
2017-01-08 08:00:00,10.2606,10.44999978,9.79121194,9.81238374,342934.828404,10.1642214
2017-01-09 08:00:00,10.41344083,10.8212,10.15000001,10.3475737,293721.382606,10.5254801
2017-01-10 08:00:00,10.55001523,10.7458,10.25,10.418,128522.970813,10.57949259
2017-01-11 08:00:00,9.77781136,10.68247896,9.3,10.55001523,521048.265524,9.92141919
2017-01-12 08:00:00,9.64784926,10.06193283,9.16999998,9.6755848,334385.305907,9.54509045
2017-01-13 08:00:00,9.63865092,9.83450316,9.38,9.73299996,100797.617395,9.56321285
2017-01-14 08:00:00,9.66592704,9.85,9.520001,9.65118639,52076.6448586,9.67168815
2017-01-15 08:00:00,9.69510826,9.85,9.58289554,9.66944986,42346.902799,9.73805158
2017-01-16 08:00:00,9.59421143,9.75660001,9.533,9.69223033,36451.8130565,9.61686212
2017-01-17 08:00:00,10.2797145,10.5374,9.55,9.55057374,540003.533787,10.20249862
2017-01-18 08:00:00,10.23169225,10.46555175,9.7275398,10.27366504,316674.589936,10.16858669
2017-01-19 08:00:00,10.38859858,10.45,10.15176752,10.23169225,209691.957526,10.32043304
2017-01-20 08:00:00,10.59456117,10.77437657,10.32538872,10.38859858,252226.742159,10.60149027
2017-01-21 08:00:00,10.93403396,11.03863376,10.54,10.59456119,146803.996965,10.83120707
2017-01-22 08:00:00,10.70666061,10.99230924,10.50100019,10.93000001,133475.541475,10.77055136
2017-01-23 08:00:00,10.77451847,10.84495755,10.59,10.62000024,136458.23471,10.71097199
2017-01-24 08:00:00,10.56263148,10.77042518,10.45552682,10.77042518,195499.754789,10.58069972
2017-01-25 08:00:00,10.469576,10.57399791,10.3199,10.51462749,79261.1106961,10.4437642
2017-01-26 08:00:00,10.59826483,10.63532632,10.42483157,10.43165838,75386.9443672,10.51153872
2017-01-27 08:00:00,10.4591337,10.59826483,10.37197668,10.59826483,42133.5634563,10.43470913
2017-01-28 08:00:00,10.54,10.56466141,10.35,10.4591337,66176.5355763,10.46551408
2017-01-29 08:00:00,10.440009,10.545,10.4,10.545,42278.7072302,10.45311862
2017-01-30 08:00:00,10.52,10.69,10.38448483,10.41000001,50299.6979485,10.5351109
2017-01-31 08:00:00,10.66642542,10.71396025,10.45047559,10.52,153194.751626,10.59050904
2017-02-01 08:00:00,10.66,10.75,10.41300001,10.62786493,171459.855189,10.62310523
2017-02-02 08:00:00,10.72000091,10.82,10.5105,10.67,216964.743634,10.68726902
2017-02-03 08:00:00,10.97999999,10.97999999,10.56778684,10.76100862,127939.022838,10.74801589
2017-02-04 08:00:00,11.28191457,11.37863356,10.95804,10.98,238555.655743,11.21473977
2017-02-05 08:00:00,11.13,11.34999996,11.04154254,11.2900002,96677.1067378,11.17530258
2017-02-06 08:00:00,11.28671641,11.33999999,11.09692038,11.13,37639.1197161,11.25323839
2017-02-07 08:00:00,11.40880412,11.49953538,11.25,11.265,99233.8809186,11.40083753
2017-02-08 08:00:00,11.30002,11.53999947,10.9692,11.444,157641.956126,11.26668579
2017-02-09 08:00:00,10.95303216,11.5,10.399999,11.32078499,415830.252868,10.84177936
2017-02-10 08:00:00,11.26702414,11.38338525,10.77,10.943,171877.913717,11.0895496
2017-02-11 08:00:00,11.28021234,11.37999999,11.13597993,11.26000018,99521.7474559,11.27269483
2017-02-12 08:00:00,11.31980657,11.37628229,11.21373718,11.27959487,71649.4052484,11.25052551
2017-02-13 08:00:00,11.29139522,11.39,11.13597993,11.34,53974.9353514,11.27649763
2017-02-14 08:00:00,13.119548,13.4,11.28915229,11.29139522,776494.692316,12.40058584
2017-02-15 08:00:00,12.9661738,13.13403091,12.61,13.09307681,240909.935407,12.85599893
2017-02-16 08:00:00,12.88729783,12.98579641,12.57679999,12.93900145,178612.044493,12.76164215
2017-02-17 08:00:00,12.75976689,12.9,12.69,12.88729783,68058.2595913,12.79704443
2017-02-18 08:00:00,12.81101512,12.8999,12.72065433,12.72065433,89493.2637431,12.78971829
2017-02-19 08:00:00,12.81934594,12.92,12.75000105,12.7996582,44963.7006994,12.83907818
2017-02-20 08:00:00,12.43,12.9,12.41,12.78213939,164260.087279,12.7219525
2017-02-21 08:00:00,12.79,12.89500068,12.22857599,12.43,231116.348642,12.61718789
2017-02-22 08:00:00,12.70999604,12.85,12.61999999,12.81620191,94115.6357721,12.73924361
2017-02-23 08:00:00,13.2000001,13.41,12.6014,12.650126,264152.436999,13.02616592
2017-02-24 08:00:00,13.08603521,13.3,12.71,13.2000004,370875.320292,13.06668113
2017-02-25 08:00:00,13.57392399,13.80050599,12.99339528,13.07459142,324794.509144,13.50944033
2017-02-26 08:00:00,14.59000009,14.70000007,13.3983302,13.57392399,404856.142887,14.15740129
2017-02-27 08:00:00,15.50246007,15.69,14.35722901,14.59000009,962105.087862,14.92593815
2017-02-28 08:00:00,15.8,16.0,14.8,15.51772723,1558985.13285,15.63639095
2017-03-01 08:00:00,17.5,17.52064012,15.53000023,15.622,890368.329007,16.18036734
2017-03-02 08:00:00,18.97201357,19.31704201,16.8,17.44,1947869.87531,18.36030413
2017-03-03 08:00:00,19.42,20.7,18.21000004,18.97201357,3085166.69408,19.51816318
2017-03-04 08:00:00,18.55099985,19.97,18.31406298,19.56110556,864143.198935,19.23506557
2017-03-05 08:00:00,19.35,19.44864205,18.21,18.45824489,600698.26825,18.85811421
2017-03-06 08:00:00,19.46016352,20.19999997,19.08972888,19.3500001,631656.867897,19.62784879
2017-03-07 08:00:00,18.84906503,19.680222,18.3,19.55746433,1286444.85793,18.95835084
2017-03-08 08:00:00,16.4899999,18.86975684,16.43,18.84906503,1694225.00139,17.62997657
2017-03-09 08:00:00,17.73443679,17.96999951,16.22,16.488,1466259.38172,17.08301077
2017-03-10 08:00:00,19.398888,19.7,17.02,17.73443679,3277377.41969,18.43090031
2017-03-11 08:00:00,21.31000001,21.499,18.77,19.39112843,2023037.56581,19.99513523
2017-03-12 08:00:00,23.24,23.31050091,21.11,21.31,1774137.87823,22.28958842
2017-03-13 08:00:00,28.39999998,31.0,23.15478658,23.24,8185709.95933,27.45876356
2017-03-14 08:00:00,28.68559998,29.9,26.9,28.22,2906417.47719,28.38150892
2017-03-15 08:00:00,34.95,34.95,28.35,28.68,5181831.70531,31.48440972
2017-03-16 08:00:00,45.0,46.2,34.87490319,34.96619942,13179496.3253,40.32671185
2017-03-17 08:00:00,44.44330001,50.1,32.5,45.0,15131116.7165,44.1329766
2017-03-18 08:00:00,33.98,44.90719999,30.66851841,44.44330009,12738094.7448,37.11172489
2017-03-19 08:00:00,43.27644989,45.5,33.89,33.89,11242316.833,39.70775881
2017-03-20 08:00:00,41.99999998,45.2,40.1000122,43.0,5450224.90188,43.31077737
2017-03-21 08:00:00,42.48596231,43.52220209,41.61,41.99999998,2726177.86408,42.6525252
2017-03-22 08:00:00,41.36,42.8343017,38.599986,42.44341267,3703422.34835,40.4136877
2017-03-23 08:00:00,43.25,44.28283003,40.25618,41.36,3418592.38308,42.44616869
2017-03-24 08:00:00,53.67502,54.11,42.48123392,43.25,10889163.0964,48.0170306
2017-03-25 08:00:00,51.17999999,54.33333333,47.66260411,53.67502,8456610.93034,50.57683428
2017-03-26 08:00:00,50.20000002,51.7999996,48.5,51.18,3457025.71732,50.19343631
2017-03-27 08:00:00,48.78068814,51.63,47.9,50.34985987,3467542.09821,49.85290615
2017-03-28 08:00:00,50.2,50.49865,48.0,48.76,2595662.7768,49.39461496
2017-03-29 08:00:00,52.78300015,53.82999999,50.00000013,50.2,5164444.07685,52.29797348
2017-03-30 08:00:00,51.5005395,53.05409984,51.11989,52.8369,3281443.13214,52.17186789
2017-03-31 08:00:00,49.65,51.65699991,47.11,51.50319399,5061134.09724,49.3984075
2017-04-01 08:00:00,50.45,51.80000001,48.528,49.47364001,2265135.30513,50.30945496
2017-04-02 08:00:00,48.33500003,51.09139106,47.43558407,50.45001004,4945728.87599,49.3137725
2017-04-03 08:00:00,44.16544444,48.33799975,42.8,48.33605001,6252569.55899,45.51066346
2017-04-04 08:00:00,44.57761999,45.70060998,41.20000001,43.99999998,4565340.07732,43.45678296
2017-04-05 08:00:00,45.2472,47.2,44.23076281,44.37325032,3102180.22232,45.91821605
2017-04-06 08:00:00,43.34492999,46.0,41.08,45.21322002,3943663.34398,43.34085148
2017-04-07 08:00:00,42.30880197,44.616,41.73899751,43.326,2074570.037,42.99707513
2017-04-08 08:00:00,44.78284999,46.0,42.22707974,42.30880197,1923180.23986,44.67887299
2017-04-09 08:00:00,43.99992999,44.87535323,43.15667875,44.78242998,1271671.82218,43.92940533
2017-04-10 08:00:00,44.1372199,44.7499,42.96354059,44.0,1168803.60588,43.71568545
2017-04-11 08:00:00,44.30924209,44.71974125,43.72,44.13721984,1298706.42031,44.15221381
2017-04-12 08:00:00,46.91,48.86851266,43.75007011,44.08769587,2982208.47351,46.18462951
2017-04-13 08:00:00,50.57899978,51.388,46.70000002,46.91,5433975.19942,49.33914499
2017-04-14 08:00:00,48.4,50.578,47.50000004,50.55,2842889.17912,48.63659286
2017-04-15 08:00:00,49.46535495,50.82105,47.90507,48.5,1805887.70028,49.12333211
2017-04-16 08:00:00,49.51,49.94983626,48.75,49.67133059,469826.119765,49.33525516
2017-04-17 08:00:00,49.41300002,50.11229683,48.95430747,49.63447181,1444236.02127,49.56547266
2017-04-18 08:00:00,52.48899999,52.8,49.43946001,49.6,4745889.92483,51.62360448
2017-04-19 08:00:00,49.9,52.803,47.8,52.48899999,3087092.19044,51.54693053
2017-04-20 08:00:00,51.83439001,52.20743,49.12,49.95861,2852852.33367,50.76338156
2017-04-21 08:00:00,51.49236996,52.22817981,51.00886308,52.0,1322316.00308,51.7741155
2017-04-22 08:00:00,52.20000002,52.5,51.1,51.3,1198801.78667,51.52961933
2017-04-23 08:00:00,53.04344998,53.31,51.8500001,52.16990876,1605801.23153,52.52314784
2017-04-24 08:00:00,53.46896001,54.28,53.0,53.01625005,1620428.13823,53.61551697
2017-04-25 08:00:00,53.74999201,54.3033752,53.21133001,53.47218783,876273.984241,53.81608854
2017-04-26 08:00:00,57.35717983,58.5,53.62,53.74999201,3302845.58441,56.41176147
2017-04-27 08:00:00,67.98636846,68.09951,57.0,57.35717983,5463922.61269,62.90144413
2017-04-28 08:00:00,75.85,77.096651,66.01000004,67.98636846,7405100.83664,70.58176086
2017-04-29 08:00:00,73.49999902,77.56119212,71.17845999,75.85,4520283.96591,74.22557108
2017-04-30 08:00:00,83.60000013,84.14006621,73.0,73.50000001,4210867.19145,78.40241509
2017-05-01 08:00:00,81.48107681,87.8677261,77.30049003,83.60000013,10047744.2184,83.33537171
2017-05-02 08:00:00,82.36377654,85.45176261,79.72350014,81.49533636,3748958.42742,82.69627313
2017-05-03 08:00:00,85.8,86.45,80.88136896,82.34990999,3722656.45624,83.9378142
2017-05-04 08:00:00,99.19999987,99.5,84.72772915,85.8,8347685.39201,92.46958238
2017-05-05 08:00:00,91.31319176,101.0,85.00000001,99.1999995,9705852.6804,95.08965272
2017-05-06 08:00:00,96.6,96.82516542,90.50010001,91.87860997,3745436.31953,93.71335566
2017-05-07 08:00:00,94.80992998,98.7488691,90.80000001,96.6,4871706.0846,95.53081919
2017-05-08 08:00:00,89.00000001,95.49684998,88.20000004,94.69993,5881596.10547,91.39302001
2017-05-09 08:00:00,88.4897,90.87169,70.5,89.00000001,6982577.2535,83.78205442
2017-05-10 08:00:00,88.4552182,92.25,86.08456011,88.5207264,3093843.8585,89.21714457
2017-05-11 08:00:00,88.993877,92.0,86.0,88.4552182,2730551.43717,89.26385181
2017-05-12 08:00:00,86.99947716,91.98993,86.5,88.99176827,2555102.56334,89.823077
2017-05-13 08:00:00,89.99967281,90.06182804,85.0,86.99947716,1924207.11119,87.3978963
2017-05-14 08:00:00,90.2,91.83,88.09652,89.99967281,1559272.56944,90.10801831
2017-05-15 08:00:00,92.10119,95.18299999,90.00000018,90.2,3256812.2351,92.66390726
2017-05-16 08:00:00,88.5,93.49072,88.12123235,92.5,2941264.85376,90.91854599
2017-05-17 08:00:00,89.3485391,91.21,84.0,88.27653351,3343404.68841,88.58871445
2017-05-18 08:00:00,98.4,98.9,89.30098,89.3485,4981606.60461,95.46180764
2017-05-19 08:00:00,124.57334589,129.9,98.38,98.4,10226088.1297,112.91049134
2017-05-20 08:00:00,123.16,129.95,120.2,124.57334589,5295039.65832,125.0411878
2017-05-21 08:00:00,146.4,146.4,122.28,123.45123709,8162835.04352,135.01411076
2017-05-22 08:00:00,155.00241,183.47,138.35,146.4,15592793.7687,158.94680287
2017-05-23 08:00:00,168.0,169.899,148.87570844,156.0,8179457.14002,160.96598003
2017-05-24 08:00:00,183.7891,193.15,165.90494005,167.99993,11020154.2205,182.01242819
2017-05-25 08:00:00,164.777,205.8,141.0,183.99993,19684878.9803,179.13149095
2017-05-26 08:00:00,153.10674685,186.60443999,135.6568,166.24912467,16305626.4015,163.5779385
2017-05-27 08:00:00,149.89899996,161.61210907,100.0,153.10674685,34638719.4638,133.02341536
2017-05-28 08:00:00,161.99999999,172.55033999,139.05,150.0,19588153.3309,158.42137102
2017-05-29 08:00:00,189.0,193.1176189,154.00000001,161.999998,17795161.9456,174.5493257
2017-05-30 08:00:00,226.99992999,230.2,180.5,189.0,33702348.2755,205.82971769
2017-05-31 08:00:00,217.50007,228.79999982,200.09278,226.99992999,26736283.7484,216.56550521
2017-06-01 08:00:00,211.44,227.21650001,200.0,217.75,19021306.0593,214.23379184
2017-06-02 08:00:00,215.39999999,219.9,208.09267239,211.43999994,7476099.4091,213.62266445
2017-06-03 08:00:00,215.82729001,218.70940834,210.25,215.3,4948867.10488,214.05502619
2017-06-04 08:00:00,241.25,246.07993,215.82729005,215.82729005,11241880.4351,233.97389497
2017-06-05 08:00:00,242.1,245.00000001,232.001,241.25,7350451.78131,239.87070352
2017-06-06 08:00:00,262.00001001,265.61456996,235.75,242.1,18088568.1712,252.23477889
2017-06-07 08:00:00,250.50000003,263.64333999,240.00000001,262.59999999,10564089.1627,254.50254444
2017-06-08 08:00:00,257.42574115,258.9891981,243.0,250.50004,7780876.16075,252.13542288
2017-06-09 08:00:00,278.84973104,280.12,257.47453002,258.3993,9720075.87609,268.93097341
2017-06-10 08:00:00,325.99992999,342.99999999,278.6,278.84973104,20987306.2259,305.2171359
2017-06-11 08:00:00,335.00000003,347.00002,308.31061676,325.99992999,19707567.5621,332.75610522
2017-06-12 08:00:00,386.50007,408.1287,299.71397591,335.00000003,63756276.6384,353.38360983
2017-06-13 08:00:00,382.29999992,395.70684474,341.78366769,386.50007001,30241718.7746,374.56704142
2017-06-14 08:00:00,335.03120071,388.0,312.6,382.29999992,28580267.7953,347.93702606
2017-06-15 08:00:00,338.99999998,344.70999998,258.3,335.53,76648367.3864,303.24608903
2017-06-16 08:00:00,348.555,354.99999999,306.0,338.99999998,26147143.866,337.14681942
2017-06-17 08:00:00,364.6,364.6,333.023,348.555,13778313.1689,350.16651298
2017-06-18 08:00:00,348.99999996,376.89,335.9,363.26014,18588391.9254,356.05738083
2017-06-19 08:00:00,357.0,360.0,346.07890136,348.00000001,10077750.2963,354.52086816
2017-06-20 08:00:00,347.80045898,367.06328999,321.05157163,357.0,14933591.5052,350.84408927
2017-06-21 08:00:00,322.5,356.99999992,290.0,348.99993,25102540.3062,320.97351149
2017-06-22 08:00:00,321.10035004,331.0,305.48999999,322.99999999,11499819.0195,319.28805772
2017-06-23 08:00:00,323.60600001,330.59549999,318.61176259,321.10035004,4718249.20998,325.46977455
2017-06-24 08:00:00,295.9866806,328.26357999,290.0,323.9855206,13640828.92,305.37663333
2017-06-25 08:00:00,275.25,307.0,252.2,296.51326077,23710383.774,276.8921047
2017-06-26 08:00:00,251.5,286.9999999,206.24,276.40018999,54824834.9368,241.28842003
2017-06-27 08:00:00,280.0,280.50000006,204.0,251.5,46089079.264,240.08620254
2017-06-28 08:00:00,312.0,318.39999995,255.2,279.636,41985945.3556,286.33428507
2017-06-29 08:00:00,285.84217999,318.5,275.00000003,311.766,33603480.5371,295.8231242
2017-06-30 08:00:00,276.0,302.0,266.50000003,285.827962,23558521.7825,284.67584677
2017-07-01 08:00:00,254.5,279.45998999,240.99999999,276.0,25958434.6508,258.3545726
2017-07-02 08:00:00,277.48486,286.0,242.3,255.0,27125695.8514,262.19203016
2017-07-03 08:00:00,274.99999982,284.7990004,266.65,277.48486,17089578.1567,276.07910214
2017-07-04 08:00:00,278.5,283.7,274.0000001,274.98,3679264.09391,279.54198589
2017-07-05 08:00:00,265.11,271.77,250.66589899,266.7,13753419.5526,259.7196772
2017-07-06 08:00:00,264.86804001,273.06315002,260.0,265.63918036,7380936.398,265.70444648
2017-07-07 08:00:00,237.8900801,265.99999973,232.80520855,264.86804001,13448706.2568,246.53941109
2017-07-08 08:00:00,245.6,247.22,227.54100004,237.89015,10417906.4418,237.67529336
2017-07-09 08:00:00,234.70000001,249.0,233.80000001,245.77577999,6412163.01421,241.7162529
2017-07-10 08:00:00,201.44579965,237.96217428,187.0,234.89999984,26231126.2973,212.22326472
2017-07-11 08:00:00,188.39415001,214.99999998,170.0,201.20682326,42420233.6061,191.09920782
2017-07-12 08:00:00,223.50007,225.66,178.12000007,188.10007001,32012248.4064,204.28794719
2017-07-13 08:00:00,204.70000001,225.46590651,190.20953482,224.0,22750068.228,206.25425052
2017-07-14 08:00:00,196.51111112,207.50440677,180.21,204.8,19767050.3538,192.28428132
2017-07-15 08:00:00,170.01,198.20335478,170.0,196.51111112,20793657.6105,181.21880708
2017-07-16 08:00:00,156.50000003,172.99999999,138.16778921,170.01,49612377.2405,153.33345799
2017-07-17 08:00:00,189.6,190.33964,155.07366007,157.38042,53675719.5579,172.96043664
2017-07-18 08:00:00,226.0,265.299051,177.77510014,189.6,91516115.1222,214.05184346
2017-07-19 08:00:00,194.179385,245.306,184.918,226.0,83694986.9408,215.58852654
2017-07-20 08:00:00,227.4299,238.27007003,194.0,194.99993,74516103.6113,220.07663627
2017-07-21 08:00:00,216.57272,240.0,209.99999999,226.88681748,33549022.7626,224.90582281
2017-07-22 08:00:00,232.5,237.1899997,215.36,216.57272,20686815.2789,227.24218854
2017-07-23 08:00:00,227.6277746,236.49999999,218.07781219,233.0,17203796.5368,227.66639955
2017-07-24 08:00:00,226.8,231.4,224.0,227.70000021,8850822.39115,227.18212287
2017-07-25 08:00:00,203.0,227.42,190.0,226.8,39423624.6754,206.25812644
2017-07-26 08:00:00,203.0084085,209.49999981,192.0,202.51300101,18788377.8131,199.6378485
2017-07-27 08:00:00,202.79999993,206.0,198.23052035,203.014,10275573.083,202.07835351
2017-07-28 08:00:00,191.0,204.49999999,188.0,202.79999994,13042241.6387,195.47848201
2017-07-29 08:00:00,207.4,210.5,176.51886069,191.65299,17646912.4726,190.49616825
2017-07-30 08:00:00,194.73242001,210.71000005,192.93127,207.45999999,12175063.0229,199.57808322
2017-07-31 08:00:00,200.49,201.5,189.60000003,194.75101,9095592.03729,195.56038518
2017-08-01 08:00:00,226.1,233.20827398,200.49,200.49,43387259.4296,217.64530739
2017-08-02 08:00:00,217.50400002,230.00000001,215.10000011,226.10000001,11710789.7316,221.68748257
2017-08-03 08:00:00,224.6,228.74996629,217.11000017,217.50400002,7370577.87094,224.32948172
2017-08-04 08:00:00,221.0,228.0,219.44999997,224.6,7358473.35015,223.74209707
2017-08-05 08:00:00,254.09,263.9,219.98992999,220.40672585,29765011.1093,241.08636205
2017-08-06 08:00:00,264.51,273.0,249.88855278,254.09,27301242.7129,261.44908406
2017-08-07 08:00:00,269.53561414,274.83110576,257.6,264.51,17482370.5092,266.87429993
2017-08-08 08:00:00,296.43333317,299.3348,266.5,269.53561414,22057931.8038,283.71090716
2017-08-09 08:00:00,294.0,316.50519699,278.07833351,296.43333329,43215379.6702,297.17433103
2017-08-10 08:00:00,298.0,309.98999993,288.0582452,294.00000002,15382496.7283,301.29652493
2017-08-11 08:00:00,308.52165,310.0,295.39799999,298.19992999,11841707.5043,301.71000243
2017-08-12 08:00:00,311.61900001,317.63336226,308.04612001,309.0,7626098.73115,313.49916681
2017-08-13 08:00:00,291.9019998,308.51985997,285.59775029,307.71,19465687.182,294.54006651
2017-08-14 08:00:00,304.0,306.9999,294.16476491,296.84999999,5190521.21613,301.7040628
2017-08-15 08:00:00,285.4702329,299.48,267.0,298.06,14848299.6358,283.78571898
2017-08-16 08:00:00,302.09908997,304.53117011,280.0,285.4702329,11069515.0359,295.92586999
2017-08-17 08:00:00,300.00999999,311.49,297.5,301.98609861,12785292.5944,304.14970969
2017-08-18 08:00:00,291.89985936,306.85000001,282.0,299.0,12909448.5626,296.08781136
2017-08-19 08:00:00,291.20926236,298.99999989,276.87401569,292.030813,12791379.0328,289.18641523
2017-08-20 08:00:00,297.50028001,299.68252998,287.1,292.22775392,5978214.92454,293.96273763
2017-08-21 08:00:00,321.00000001,347.60017685,295.1,298.7,34505226.6522,323.85119531
2017-08-22 08:00:00,310.22549,330.50000004,290.00000001,321.00007001,26214125.7893,308.2386568
2017-08-23 08:00:00,316.5,324.85,310.1,310.22549,10590961.8589,318.2149837
2017-08-24 08:00:00,325.0212,329.0,314.20000002,316.5,7644735.15197,322.13816118
2017-08-25 08:00:00,328.0000001,337.66020798,324.19172486,325.00007001,10167349.8684,330.84303811
2017-08-26 08:00:00,332.50032705,334.9999998,324.94,328.40000001,5780390.3624,329.05375713
2017-08-27 08:00:00,347.26325294,347.26325294,326.0,333.49974644,9039039.57668,337.28423614
2017-08-28 08:00:00,347.30549993,350.0,333.1,347.26325294,13639984.2423,342.1278747
2017-08-29 08:00:00,372.60750002,376.66000097,346.20203006,347.000168,16654694.1297,362.84925428
2017-08-30 08:00:00,383.5886247,389.870123,365.0,372.60750001,18644761.1693,377.59946811
2017-08-31 08:00:00,387.68999993,389.9,379.0,383.5,7627641.01986,384.44577583
2017-09-01 08:00:00,389.48999998,394.35283998,384.0,386.35000002,16574587.2164,389.34885201
2017-09-02 08:00:00,344.85,390.83985999,321.07808116,389.48999998,36420300.9396,351.96114664
2017-09-03 08:00:00,350.671001,371.00000003,329.09,344.85343571,22229038.0691,350.14711333
2017-09-04 08:00:00,296.51052269,351.62700994,271.46,350.671001,52796642.4774,299.90533574
2017-09-05 08:00:00,316.0,322.99999999,267.0,296.51052269,33001671.0053,296.03020098
2017-09-06 08:00:00,336.65014001,340.09999997,313.83,315.83941667,20279708.1071,328.49419099
2017-09-07 08:00:00,335.0,338.64771,318.1,336.65014001,10457683.6309,329.73641713
2017-09-08 08:00:00,305.19499999,335.40000002,277.0,335.00000001,28508225.6152,302.89038175
2017-09-09 08:00:00,302.90014023,306.81653601,291.01000011,304.99999998,9582884.69065,300.16773008
2017-09-10 08:00:00,298.24023023,304.78,276.0,303.88513577,12959429.5213,290.04922186
2017-09-11 08:00:00,297.75329999,307.94989997,288.01114002,298.24023022,10259960.5306,296.53930072
2017-09-12 08:00:00,294.41019999,317.0,284.86167338,297.32253522,15943995.4601,301.62496525
2017-09-13 08:00:00,276.49985534,294.40803,256.79902,294.40803,24598248.3904,272.36198261
2017-09-14 08:00:00,222.50000001,280.60724568,221.0,276.49985531,29949454.0133,243.05214975
2017-09-15 08:00:00,258.4356851,265.0,199.0,222.50000001,46478615.4636,234.84887921
2017-09-16 08:00:00,253.73655529,272.27099999,242.0,258.66640455,21591604.7279,256.26240469
2017-09-17 08:00:00,257.59957999,264.01999981,239.0,253.73655516,8551623.45292,252.75742541
2017-09-18 08:00:00,296.91650618,299.58948287,256.61287,257.59936998,27081363.4269,285.85691045
2017-09-19 08:00:00,283.01234526,299.0,275.1,296.91650618,14277734.6843,285.59013857
2017-09-20 08:00:00,284.25583949,294.8060726,275.75200001,283.01234526,8769807.87642,285.17724109
2017-09-21 08:00:00,257.0,287.78592992,251.00000001,283.31100001,12886657.9364,270.44509458
2017-09-22 08:00:00,262.06658091,270.63054754,253.02000002,257.3671598,8350162.08549,260.21509741
2017-09-23 08:00:00,286.12758001,287.0,258.51921031,262.06658091,7613640.05996,277.41620269
2017-09-24 08:00:00,283.16950999,294.80200001,274.12719569,286.12758001,8491498.60944,284.74661957
2017-09-25 08:00:00,294.99999997,297.5,281.9,282.74921,8532662.62967,292.15907978
2017-09-26 08:00:00,288.85154042,296.99999862,285.6735,294.99999997,5334177.6804,291.83856374
2017-09-27 08:00:00,310.74533988,313.12999365,287.80119002,288.85154042,10489101.3144,300.14833839
2017-09-28 08:00:00,303.19972871,310.99999971,298.0,309.65773124,10273515.0246,304.25249843
2017-09-29 08:00:00,293.10237464,303.88456325,278.01297001,303.59023981,11691495.5424,289.66015632
2017-09-30 08:00:00,303.00000011,307.59992996,292.17100089,293.10237464,4658451.29038,302.44556851
2017-10-01 08:00:00,304.60107,305.89800004,295.20000039,303.16,3510683.56934,300.33940815
2017-10-02 08:00:00,297.1,304.99999999,293.4088169,304.60107,3959360.75997,299.7960638
2017-10-03 08:00:00,292.21593129,300.37202186,286.12007002,297.1,5503497.37241,291.02688538
2017-10-04 08:00:00,292.000103,296.0,288.01000001,291.44999997,2788596.54062,292.66049597
2017-10-05 08:00:00,294.86673798,297.64452699,285.97999568,290.87584001,3936858.73176,292.30979454
2017-10-06 08:00:00,309.51476805,309.51476805,293.45592963,295.75308998,4121971.17119,301.30373928
2017-10-07 08:00:00,311.5,315.54999998,305.0,308.99999989,6696952.15374,310.01217779
2017-10-08 08:00:00,310.49999999,314.99999999,308.4654,312.405,4117167.96357,311.88444047
2017-10-09 08:00:00,296.9,310.99999996,286.0,310.49999999,7764548.77695,297.98470482
2017-10-10 08:00:00,297.60000434,307.3,292.5,297.69829814,4514416.5826,300.70938917
2017-10-11 08:00:00,302.3000016,305.4500001,297.03,299.72655189,2365661.61504,301.44526804
2017-10-12 08:00:00,304.58999955,309.74627848,302.00000008,303.73994378,9013606.40427,305.77976727
2017-10-13 08:00:00,338.0,349.9,296.61162893,302.60000002,27475787.985,326.91838595
2017-10-14 08:00:00,339.87992987,347.9,334.06002849,338.0,7019941.29623,342.48997586
2017-10-15 08:00:00,336.98,343.68316612,318.0,339.87993,10249011.6123,330.22565431
2017-10-16 08:00:00,334.7164531,353.34911286,330.70492288,336.975,15358086.141,341.39687605
2017-10-17 08:00:00,316.18974004,334.48302338,310.11690001,334.15824293,9856192.26769,322.70933653
2017-10-18 08:00:00,313.49500034,316.18974004,287.0,316.18974001,12837499.6594,302.34609075
2017-10-19 08:00:00,307.192196,316.49619753,304.31863063,313.99999997,4958884.32445,309.80451051
2017-10-20 08:00:00,303.0,312.09999997,302.2,307.0001,4390099.09131,306.98966756
2017-10-21 08:00:00,298.9933,304.32068053,290.05638724,303.00000003,5950349.65509,296.88848426
2017-10-22 08:00:00,293.89986,305.5,290.00000007,299.7,3871796.59286,295.88691599
2017-10-23 08:00:00,284.9,293.78798358,272.20007001,293.60000003,6789515.71477,281.40452535
2017-10-24 08:00:00,295.55077001,311.0,278.0,284.9715,11842252.9768,303.37238748
2017-10-25 08:00:00,296.9599998,299.97,288.73968857,295.5602801,3689059.35828,294.10178059
2017-10-26 08:00:00,295.0001,299.76246996,293.1,295.6777454,2710163.29778,296.08441094
2017-10-27 08:00:00,295.20000003,299.03094226,291.63100501,295.0001,2180773.57659,295.72476927
2017-10-28 08:00:00,292.9200001,296.96682659,290.0,295.99,2194942.59174,293.6149002
2017-10-29 08:00:00,304.0,325.67890087,292.09998166,293.00000002,9670610.93153,306.17647831
2017-10-30 08:00:00,306.8,311.64065525,303.10000057,304.52055313,3426586.59664,307.41983924
2017-10-31 08:00:00,304.49999995,310.59999999,303.5,306.8,3305318.37176,307.06133085
2017-11-01 08:00:00,288.78496725,305.35094395,288.04369902,304.49999994,7337062.98417,296.98385875
2017-11-02 08:00:00,284.99999993,291.652513,272.0,288.78496726,14547248.9651,282.70195607
2017-11-03 08:00:00,302.12,305.0,282.18007393,285.0,10165643.1677,294.77223985
2017-11-04 08:00:00,299.49999999,302.99999998,291.13823998,302.2,6009882.84025,296.85844268
2017-11-05 08:00:00,295.39999905,300.36180586,294.254,299.5,3976075.08359,297.07654476
2017-11-06 08:00:00,297.09,304.71431118,292.0,295.35,7418767.89719,298.55732636
2017-11-07 08:00:00,291.10000003,302.952342,285.67299981,297.09,10150132.5528,292.64914636
2017-11-08 08:00:00,306.00001227,319.9,289.38733824,290.86320114,16435173.7983,304.35910885
2017-11-09 08:00:00,314.49999969,328.75704205,304.2,306.38472877,15702942.611,317.19821778
2017-11-10 08:00:00,297.69732322,323.52190223,287.85458753,314.49999969,22784457.6349,304.29499225
2017-11-11 08:00:00,314.07,320.0,293.0,297.69732322,18386745.9021,305.8851008
2017-11-12 08:00:00,303.0,319.50000012,292.0,313.063,31505793.0502,305.37567967
2017-11-13 08:00:00,313.98999992,318.0,302.80000004,305.35181973,16522225.2304,311.33184313
2017-11-14 08:00:00,333.75999931,337.00000004,312.51635574,313.98999992,25118745.8424,325.18223491
2017-11-15 08:00:00,330.92427139,338.7746993,324.678,333.75999925,11568977.3117,331.42699535
2017-11-16 08:00:00,330.40000043,335.0,321.1,330.92427139,11771198.2224,328.01561596
2017-11-17 08:00:00,331.50999999,334.69696969,324.88993299,331.0,8542931.21735,329.88866864
2017-11-18 08:00:00,346.69799999,349.59829497,325.48,330.52000013,12402433.2394,335.90085887
2017-11-19 08:00:00,355.49,373.66375057,343.29000001,346.78,22973524.4969,357.36805758
2017-11-20 08:00:00,367.4100004,373.6,353.72374585,355.4899999,10884041.6883,362.46812115
2017-11-21 08:00:00,360.39999939,373.6,350.70488199,368.41999997,16822218.7983,362.74121663
2017-11-22 08:00:00,379.99,382.9999999,359.33,360.39999939,12791911.4898,369.30531555
2017-11-23 08:00:00,407.00000007,425.52110994,374.63696801,379.99,44736045.806,402.64635616
2017-11-24 08:00:00,470.89999888,478.65967355,397.04177506,406.36539711,39447753.552,436.00456424
2017-11-25 08:00:00,461.8,482.532,455.45127901,470.89999888,22018691.5308,467.93933764
2017-11-26 08:00:00,469.0,469.0,445.0,460.55555859,18820260.524,454.56665918
2017-11-27 08:00:00,472.60000002,488.0,452.07900319,468.616497,21789450.4645,472.22916114
2017-11-28 08:00:00,465.30834049,480.0,456.50000001,472.99999962,18946820.0245,469.69711581
2017-11-29 08:00:00,422.00000001,513.0,389.0,464.47001011,65363899.2815,461.12388943
2017-11-30 08:00:00,433.0,455.83342406,388.99999934,420.00000002,31822932.8474,420.37361987
2017-12-01 08:00:00,453.30375425,464.79099997,414.45855356,433.00000003,17604321.5754,442.1839664
2017-12-02 08:00:00,456.79999815,472.05647577,446.02133349,453.47586033,16046068.8069,459.92256102
2017-12-03 08:00:00,459.99999899,482.9,439.963,456.00000001,20001252.4756,464.2859112
2017-12-04 08:00:00,464.00001207,470.94975999,442.7,460.0,11231503.6793,458.50378445
2017-12-05 08:00:00,452.50000009,467.33039093,450.0,465.0,15974954.8249,458.7729199
2017-12-06 08:00:00,417.3743356,456.0,400.1,452.50000014,33840275.7837,429.17886992
2017-12-07 08:00:00,413.00000001,427.08028579,390.0,417.37433554,28991546.4824,407.09897148
2017-12-08 08:00:00,441.81031703,453.40075038,398.0,412.50000079,32879793.4244,428.15472219
2017-12-09 08:00:00,461.04968807,487.0422141,436.6987279,441.81031703,29389672.2759,463.46617291
2017-12-10 08:00:00,428.95845809,461.05014912,412.0088,461.05014912,15297660.0662,435.09014908
2017-12-11 08:00:00,503.0,508.99999999,428.95845926,430.0,22253841.2457,468.2507642
2017-12-12 08:00:00,610.0,629.5,487.10970009,503.0,64971605.4737,560.25707563
2017-12-13 08:00:00,680.0,700.0,570.57321295,610.00000009,72460299.9923,641.33385529
2017-12-14 08:00:00,686.55846149,733.2144435,645.0,681.99999989,50065991.9925,689.31687114
2017-12-15 08:00:00,675.55723114,697.0,610.48730556,685.00000003,32665555.5523,658.43262247
2017-12-16 08:00:00,684.112474,710.0111,671.95999993,675.55723114,18700066.4244,688.91130265
2017-12-17 08:00:00,709.2,726.39574487,683.06660666,684.112474,22048919.8198,710.5812722
2017-12-18 08:00:00,785.0,797.0,670.0,710.99999999,40986372.4147,730.53989793
2017-12-19 08:00:00,799.2058525,865.00000003,753.184094,786.0,58042951.8149,808.25531929
2017-12-20 08:00:00,798.77,829.1246403,710.0,795.02968893,43069249.0628,772.72569827
2017-12-21 08:00:00,767.27542687,842.0,732.90512167,798.77,38691308.8365,788.56005685
2017-12-22 08:00:00,633.89999999,784.77839994,513.29999984,766.52953935,72872980.0103,641.67948316
2017-12-23 08:00:00,662.0000002,719.75641381,628.79817255,630.9615001,23668713.774,685.36626725
2017-12-24 08:00:00,659.99999993,675.18836878,567.0,663.00000002,24485173.3418,621.52095663
2017-12-25 08:00:00,711.20000003,740.29949992,654.30206732,659.93397189,19994428.3261,701.16382804
2017-12-26 08:00:00,749.74999956,749.89,705.00001,711.20000004,15757001.6333,735.92781493
2017-12-27 08:00:00,736.20000001,765.0,703.6397699,749.74999956,12569346.6092,741.91212915
2017-12-28 08:00:00,710.0,739.89999891,655.0,736.20000059,15205702.8948,692.2346905
2017-12-29 08:00:00,731.73892108,754.11111111,701.0,710.0,18187008.3843,730.27261555
2017-12-30 08:00:00,685.56999998,736.98905466,641.18991755,731.73892101,33036513.6598,682.69012623
2017-12-31 08:00:00,736.2203251,744.1,675.60705121,685.17,11927426.3604,711.22146782
2018-01-01 08:00:00,754.3468038,763.49951049,718.40718195,736.04435944,14890112.7129,743.54556399
2018-01-02 08:00:00,859.6,886.34842941,748.6033059,754.12968235,41344082.1846,843.47601077
2018-01-03 08:00:00,940.0003331,950.00000003,838.0,855.75000056,33397147.5455,888.50348896
2018-01-04 08:00:00,940.53866926,999.0,888.9759996,940.0,36706524.1378,942.67611683
2018-01-05 08:00:00,968.42717276,1023.0,930.99999999,940.27499995,33150978.557,976.86672983
2018-01-06 08:00:00,1003.0,1014.0,951.66575487,965.60038121,14102398.5112,992.41726539
2018-01-07 08:00:00,1116.63409366,1118.80337799,995.64310001,1005.51378446,22724538.742,1069.64073569
2018-01-08 08:00:00,1128.42415808,1227.0,948.4,1116.63409365,65145932.1089,1110.10364245
2018-01-09 08:00:00,1276.51868175,1299.0,1124.0,1128.42415808,49354593.7839,1208.33655402
2018-01-10 08:00:00,1246.44520003,1385.0,1205.0,1276.51868175,69273514.4157,1304.15543218
2018-01-11 08:00:00,1139.27499998,1335.00001006,1101.21,1246.44520003,53985148.1197,1196.95036073
2018-01-12 08:00:00,1259.69999991,1285.0,1076.11000006,1137.883165,25298748.6091,1201.17998714
2018-01-13 08:00:00,1382.0,1423.99999999,1254.05557363,1259.69999979,26278862.2463,1354.37179211
2018-01-14 08:00:00,1348.82868314,1389.12310012,1250.01,1381.99999998,23702525.3712,1318.52585844
2018-01-15 08:00:00,1275.0000001,1377.17892296,1264.0,1348.82868314,16105223.0417,1316.05846569
2018-01-16 08:00:00,1022.9,1278.18144343,860.0,1275.02406226,81470120.0828,1052.34859298
2018-01-17 08:00:00,1016.25667314,1090.1676815,765.1,1023.1,68073819.3913,918.65890584
2018-01-18 08:00:00,995.99975239,1083.35148205,934.76984989,1016.71167117,42170822.8218,1021.78474699
2018-01-19 08:00:00,1025.0,1074.0,960.21525042,990.3628144,17352161.0054,1019.90655119
2018-01-20 08:00:00,1148.47672831,1170.17,1024.9,1025.0,15647219.0549,1109.85393744
2018-01-21 08:00:00,1045.83479999,1149.17254011,996.00101001,1148.47672829,17894245.4635,1063.27994733
2018-01-22 08:00:00,995.11976,1084.66763785,902.0,1045.83479998,21657865.2308,986.70626792
2018-01-23 08:00:00,985.84733295,1021.49211202,904.7480373,995.11976,18695377.5036,972.63234023
2018-01-24 08:00:00,1062.015299,1068.74715122,952.17087322,984.49775291,15073912.3616,1015.96238832
2018-01-25 08:00:00,1050.31897298,1104.77745834,1023.29226542,1062.01529899,15501788.6014,1061.50060809
2018-01-26 08:00:00,1047.88279645,1077.3443645,982.46830575,1050.31897298,19797524.5955,1027.00696739
2018-01-27 08:00:00,1113.23690682,1128.72306132,1030.77170252,1047.88279645,13657530.7601,1084.3122963
2018-01-28 08:00:00,1245.0,1270.03453051,1110.88858901,1113.0,32009078.4043,1206.75106789
2018-01-29 08:00:00,1177.83973336,1259.7,1156.00000001,1245.00000001,18836996.9684,1196.05556092
2018-01-30 08:00:00,1076.4014583,1180.0,1043.25,1177.83973336,29056850.18,1113.56058105
2018-01-31 08:00:00,1124.15663543,1130.31046565,1027.12917404,1076.4,16201861.5726,1089.99886557
2018-02-01 08:00:00,1039.19083415,1162.48296447,981.00000006,1123.15663546,28546214.1867,1080.81030264
2018-02-02 08:00:00,928.85052977,1040.49083415,776.99000004,1039.79083414,47651292.8935,912.99609497
2018-02-03 08:00:00,971.99999998,998.21812647,847.80398615,928.82499999,14846683.6518,945.59395517
2018-02-04 08:00:00,826.0,971.99000001,781.0,971.98999999,17338048.5643,880.01164561
2018-02-05 08:00:00,701.04380427,858.74914896,640.0,826.0,34987730.3517,732.87625116
2018-02-06 08:00:00,787.64534133,807.48143447,561.99733767,696.51380425,49111055.4515,675.33922696
2018-02-07 08:00:00,752.0,865.00000002,720.00000001,790.36534133,23749916.5362,799.070639
2018-02-08 08:00:00,815.0,847.87748847,749.00000003,752.0,12873277.725,808.147589
2018-02-09 08:00:00,878.93184041,882.22317636,778.66740711,814.99999999,11326064.3587,836.04989533
2018-02-10 08:00:00,852.78899999,909.0,815.78977289,878.93184041,11958649.1828,866.41865404
2018-02-11 08:00:00,811.86209098,854.89991999,777.70000001,852.78899999,11529634.2326,811.71763519
2018-02-12 08:00:00,868.47428047,876.99999999,813.31305693,813.40500582,5851530.63312,854.26166354
2018-02-13 08:00:00,842.78887698,870.6779528,821.0,868.04742805,4604001.51805,840.41040006
2018-02-14 08:00:00,918.24180538,923.86665218,838.78887593,840.49999971,10053849.7954,885.04283578
2018-02-15 08:00:00,926.73,945.19999999,900.87840677,918.06718784,11386017.0627,926.89342684
2018-02-16 08:00:00,939.0,945.69999999,906.0,926.73,6145601.93562,928.04012002
2018-02-17 08:00:00,971.0,973.0,932.0,938.89999994,7493343.12811,961.85895801
2018-02-18 08:00:00,910.84910098,979.99999999,899.00000001,971.0,8278909.34647,937.07126237
2018-02-19 08:00:00,941.64355067,955.06005857,904.36888868,910.00000019,4162608.42573,936.53618271
2018-02-20 08:00:00,882.40000001,959.311,875.49999993,939.61,7544398.25354,923.96639843
2018-02-21 08:00:00,840.84399994,905.43215802,796.00000001,882.40000001,9762460.80236,847.6694622
2018-02-22 08:00:00,803.10430014,869.99999999,787.00000001,838.57705787,7405447.5001,817.21734471
2018-02-23 08:00:00,857.79910031,882.5955332,787.0,803.10430013,10978528.5632,845.19709288
2018-02-24 08:00:00,828.18222927,873.0,807.50000015,854.32299152,7279523.89112,834.81839924
2018-02-25 08:00:00,840.4818325,848.24989999,816.172,828.19222927,4843636.33103,833.76370911
2018-02-26 08:00:00,864.99999873,879.0,833.5326267,839.78000001,4226684.15672,860.38642873
2018-02-27 08:00:00,873.21293895,895.0,858.96036001,864.25700006,3763575.66477,879.75934638
2018-02-28 08:00:00,850.0,889.0,849.15720278,872.29113476,3845335.87623,871.1004974
2018-03-01 08:00:00,871.55974913,881.0,846.38834701,849.33010035,2722235.86515,867.9966474
2018-03-02 08:00:00,856.809,876.20334063,848.50000001,868.55975021,2039289.32542,861.8870719
2018-03-03 08:00:00,855.8407,869.27213828,853.36764996,856.83599973,2152914.02977,862.77424996
2018-03-04 08:00:00,865.88,868.0,839.60049799,855.84069995,1390937.92197,855.58402675
2018-03-05 08:00:00,850.0,870.45839999,850.0,865.88000012,3360596.52896,861.71566837
2018-03-06 08:00:00,814.14930003,852.1808,803.18008157,850.51,3825812.51165,829.66525037
2018-03-07 08:00:00,750.7562,825.16600008,723.12351985,815.30948079,7195184.30517,762.07609315
2018-03-08 08:00:00,699.2681,772.8521,686.41379544,751.5007,4362848.87773,724.58359952
2018-03-09 08:00:00,725.12140027,728.03500003,638.45310507,699.05729997,7516652.78402,677.84480186
2018-03-10 08:00:00,678.8427,745.10000014,676.12276977,725.12140027,3487218.39072,712.50255019
2018-03-11 08:00:00,720.4,734.87054829,660.12,679.1642,3009197.12921,698.78264425
2018-03-12 08:00:00,696.1032,740.0,677.24330005,720.4397,3929652.39788,702.62541462
2018-03-13 08:00:00,687.08000011,714.22379998,678.68,695.6691,2177681.29157,692.46015733
2018-03-14 08:00:00,610.3967,703.4132,553.06710052,689.16029969,9399920.36569,624.96315336
2018-03-15 08:00:00,610.0,620.85282135,568.37968961,611.06429998,4795546.98643,596.04984239
2018-03-16 08:00:00,601.0,624.51012859,583.00000067,609.99999978,2767158.95489,609.76962875
2018-03-17 08:00:00,550.03687933,610.91421196,542.8976,598.75867892,3317680.05692,571.29884928
2018-03-18 08:00:00,537.0,561.12984473,454.270229,550.03687927,17743249.2296,495.43931795
2018-03-19 08:00:00,555.00000007,559.7334478,513.00000005,537.00000009,8137145.47908,541.48350012
2018-03-20 08:00:00,557.99999984,566.99999999,515.63872827,555.00000007,6091528.22635,546.24070102
2018-03-21 08:00:00,560.95321789,590.48222416,544.00000013,556.00000009,6518507.52194,567.61978999
2018-03-22 08:00:00,537.30000003,578.00000008,516.99999897,557.53038305,5376366.98987,541.3693615
2018-03-23 08:00:00,543.326,543.32628872,507.0,538.12635005,3439346.72115,522.47474754
2018-03-24 08:00:00,519.00000001,545.15785867,519.00000001,543.32628872,2830647.78823,536.13373075
2018-03-25 08:00:00,523.52631759,535.30030154,509.54808118,519.00000011,2966706.44485,517.87627907
2018-03-26 08:00:00,485.72982218,526.1081013,466.77,523.55243566,5821651.19783,486.64025264
2018-03-27 08:00:00,448.99999983,491.99999994,446.001,485.92189107,4659575.57843,461.95460542
2018-03-28 08:00:00,445.0,464.99900001,439.58575253,447.00000026,6872306.26321,451.22892352
2018-03-29 08:00:00,385.0,448.99466363,378.98879886,445.0,13183842.3564,404.60122096
2018-03-30 08:00:00,394.99999901,412.25844455,364.56122072,382.31047615,11902733.0504,383.93647694
2018-03-31 08:00:00,393.1,419.63575941,389.39006233,394.99999779,5759839.82575,404.10514662
2018-04-01 08:00:00,378.0,398.9,358.5,392.9987795,7276013.27134,372.67145895
2018-04-02 08:00:00,383.54566668,394.34423315,374.6207643,377.51098494,2235253.00689,384.84645479
2018-04-03 08:00:00,415.02,418.362,380.70098395,383.55255613,6551890.51713,401.46181011
2018-04-04 08:00:00,378.4002101,416.99999999,370.0,415.62319062,7123377.9414,387.16265462
2018-04-05 08:00:00,381.49999999,387.99999998,366.50000006,378.48751874,2461477.03351,376.54190353
2018-04-06 08:00:00,369.0,385.0,362.6074,382.49999998,1861464.52897,370.94785557
2018-04-07 08:00:00,385.36906639,395.13833232,369.0,369.0,2153962.49617,382.56431445
2018-04-08 08:00:00,401.51137892,403.95153543,383.70664684,385.36906639,2309357.55619,395.70282102
2018-04-09 08:00:00,398.0,430.92667062,387.01736281,400.43674673,6964535.09384,407.55724315
2018-04-10 08:00:00,414.00295235,418.3,391.32532491,398.00000002,2155290.93923,404.32700839
2018-04-11 08:00:00,430.0,433.71249998,410.0,415.39017184,3260722.44255,418.84574397
2018-04-12 08:00:00,494.9999999,498.0,411.60494628,429.71803248,13021436.3285,456.59360461
2018-04-13 08:00:00,494.16920396,529.18897041,481.27132865,494.00206035,10345959.8278,507.35341705
2018-04-14 08:00:00,502.99803207,514.8613026,486.49250804,491.34370129,4570103.6715,500.04118193
2018-04-15 08:00:00,533.7204844,535.01186641,497.09033776,503.0,6791521.78644,515.27658892
2018-04-16 08:00:00,511.78437743,537.99999997,498.31663557,533.7204844,4923802.48557,511.58631004
2018-04-17 08:00:00,502.99999999,521.4910574,500.9132028,512.17935649,2881890.12239,509.8174285
2018-04-18 08:00:00,524.60546611,527.33169919,501.99999999,502.00000005,4344304.28492,517.06809949
2018-04-19 08:00:00,568.43868504,570.14950414,519.50580042,526.11761373,5367645.8375,545.02827606
2018-04-20 08:00:00,617.00058915,621.50787818,557.83832359,567.9,9746662.91664,583.15289675
2018-04-21 08:00:00,605.07757626,625.69140234,574.0,617.00058914,8993572.2523,600.87449454
2018-04-22 08:00:00,620.78401177,643.0,590.5723406,603.25887924,5503344.9306,621.63468561
2018-04-23 08:00:00,643.79255619,647.99999999,618.78401177,621.81526427,3654690.57404,639.07333929
2018-04-24 08:00:00,705.26975565,713.33616717,642.00000614,643.79255619,11129575.5527,690.96837666
2018-04-25 08:00:00,617.0,705.26975563,591.20865722,705.26975563,13724137.4531,641.66115749
2018-04-26 08:00:00,663.69,665.69045131,600.0,616.8965001,6991199.19588,628.73537979
2018-04-27 08:00:00,641.24308197,686.09999998,641.24308197,663.69,6495657.5379,664.13417931
2018-04-28 08:00:00,682.01423754,696.78141489,640.07614603,642.0,4819685.96271,678.21071544
2018-04-29 08:00:00,688.72030001,700.70139006,666.00000003,684.71129206,3495590.52434,681.838449
2018-04-30 08:00:00,671.88495306,694.91499642,663.01239547,689.9297268,2766242.87536,682.12318808
2018-05-01 08:00:00,672.51764557,675.3928306,628.17135284,670.94247653,4565121.04778,655.00268097
2018-05-02 08:00:00,686.15530046,692.00284752,662.31,671.52150402,4512606.89398,680.90617884
2018-05-03 08:00:00,780.83585889,790.32581766,686.12429275,686.9581726,12361407.5572,735.87492007
2018-05-04 08:00:00,786.709,809.99999999,759.41923441,779.0,7734707.64202,787.30699787
2018-05-05 08:00:00,820.5791,831.69994479,782.3,785.99548167,5082713.43878,811.6018793
2018-05-06 08:00:00,795.19999999,840.0,765.21501679,820.5791,8200012.33023,791.94264859
2018-05-07 08:00:00,753.53016125,799.23464685,696.45697703,795.16705684,10308229.6988,738.13858428
2018-05-08 08:00:00,747.01750003,775.94111341,719.270743,755.02534075,6549816.32696,746.72374406
2018-05-09 08:00:00,749.80731447,761.0,707.88357044,747.9263,3589625.23534,738.82683275
2018-05-10 08:00:00,722.57710003,769.99999999,721.0,752.6875724,4389420.58571,749.72389158
2018-05-11 08:00:00,674.71437133,737.3985993,665.1,723.99975001,7607988.05421,693.59954376
2018-05-12 08:00:00,682.0,690.29216465,633.7355,677.75214131,4025247.97578,663.04368733
2018-05-13 08:00:00,729.99999999,740.0,667.00000002,683.0,3537672.84349,710.3334696
2018-05-14 08:00:00,729.92656326,743.258,685.05270001,730.0,5757135.26078,719.24151092
2018-05-15 08:00:00,705.00992689,739.49999989,694.8518,727.87828168,4012747.15685,720.51125227
2018-05-16 08:00:00,685.2951412,708.20875294,674.00000002,706.65838554,1526722.00898,690.04488532
